#pragma once

// GENERATED by tools/gen_font_atlas.py -- do not edit by hand.
// Source font: DejaVu Sans Bold, 48px. Regenerate after changing
// either the font or the size; see that script for why this is baked offline
// and embedded as PNG rather than raw pixels.

#include <cstdint>

namespace fontatlas {

struct Glyph {
    int16_t x, y, w, h;   // position/size in the atlas, pixels
    int16_t xoff;         // left bearing from the pen position
    int16_t yoff;         // top edge relative to the BASELINE (negative = above)
    float advance;        // pen advance, pixels at the baked size
};

inline constexpr int kFirstChar = 32;
inline constexpr int kLastChar = 126;
inline constexpr int kAtlasWidth = 512;
inline constexpr int kAtlasHeight = 512;
inline constexpr int kBakedPixelSize = 48;
inline constexpr int kAscent = 45;
inline constexpr int kDescent = 12;
inline constexpr int kLineHeight = 57;

// Indexed by (codepoint - kFirstChar).
inline constexpr Glyph kGlyphs[] = {
    { 283, 236,  17,   0,    0,    0,  16.72}, // ' '
    { 376,  91,  22,  35,    0,  -35,  21.89}, // '!'
    { 400,  91,  25,  35,    0,  -35,  25.02}, // '"'
    { 406, 167,  40,  34,    0,  -34,  40.22}, // '#'
    { 137,   2,  33,  43,    0,  -36,  33.41}, // '$'
    { 427,   2,  48,  37,    0,  -36,  48.09}, // '%'
    {   2,  52,  42,  37,    0,  -36,  41.86}, // '&'
    { 427,  91,  15,  35,    0,  -35,  14.70}, // "'"
    { 172,   2,  22,  43,    0,  -36,  21.94}, // '('
    { 196,   2,  22,  43,    0,  -36,  21.94}, // ')'
    {  74,  91,  25,  36,    0,  -36,  25.11}, // '*'
    {   2, 204,  40,  30,    0,  -30,  40.22}, // '+'
    { 217, 236,  18,  16,    0,   -9,  18.23}, // ','
    { 195, 236,  20,  17,    0,  -17,  19.92}, // '-'
    { 263, 236,  18,   9,    0,   -9,  18.23}, // '.'
    { 361,   2,  18,  39,    0,  -35,  17.53}, // '/'
    {  46,  52,  33,  37,    0,  -36,  33.41}, // '0'
    { 444,  91,  33,  35,    0,  -35,  33.41}, // '1'
    { 101,  91,  33,  36,    0,  -36,  33.41}, // '2'
    {  81,  52,  33,  37,    0,  -36,  33.41}, // '3'
    {   2, 130,  33,  35,    0,  -35,  33.41}, // '4'
    { 136,  91,  33,  36,    0,  -35,  33.41}, // '5'
    { 116,  52,  33,  37,    0,  -36,  33.41}, // '6'
    {  37, 130,  33,  35,    0,  -35,  33.41}, // '7'
    { 151,  52,  33,  37,    0,  -36,  33.41}, // '8'
    { 186,  52,  33,  37,    0,  -36,  33.41}, // '9'
    { 443, 204,  19,  26,    0,  -26,  19.20}, // ':'
    { 473, 167,  19,  33,    0,  -26,  19.20}, // ';'
    {  44, 204,  40,  29,    0,  -29,  40.22}, // '<'
    { 111, 236,  40,  23,    0,  -23,  40.22}, // '='
    {  86, 204,  40,  29,    0,  -29,  40.22}, // '>'
    {  72, 130,  28,  35,    0,  -35,  27.84}, // '?'
    { 311,   2,  48,  42,    0,  -34,  48.00}, // '@'
    { 102, 130,  37,  35,    0,  -35,  37.16}, // 'A'
    { 141, 130,  37,  35,    0,  -35,  36.59}, // 'B'
    { 221,  52,  35,  37,    0,  -36,  35.23}, // 'C'
    { 180, 130,  40,  35,    0,  -35,  39.84}, // 'D'
    { 222, 130,  33,  35,    0,  -35,  32.80}, // 'E'
    { 257, 130,  33,  35,    0,  -35,  32.80}, // 'F'
    { 258,  52,  39,  37,    0,  -36,  39.41}, // 'G'
    { 292, 130,  40,  35,    0,  -35,  40.17}, // 'H'
    { 334, 130,  18,  35,    0,  -35,  17.86}, // 'I'
    {  42,   2,  21,  45,   -3,  -35,  17.86}, // 'J'
    { 354, 130,  39,  35,    0,  -35,  37.20}, // 'K'
    { 395, 130,  31,  35,    0,  -35,  30.59}, // 'L'
    { 428, 130,  48,  35,    0,  -35,  47.77}, // 'M'
    {   2, 167,  40,  35,    0,  -35,  40.17}, // 'N'
    { 299,  52,  41,  37,    0,  -36,  40.81}, // 'O'
    {  44, 167,  35,  35,    0,  -35,  35.19}, // 'P'
    { 220,   2,  41,  43,    0,  -36,  40.81}, // 'Q'
    {  81, 167,  37,  35,    0,  -35,  36.97}, // 'R'
    { 342,  52,  35,  37,    0,  -36,  34.58}, // 'S'
    { 120, 167,  33,  35,    0,  -35,  32.75}, // 'T'
    { 171,  91,  39,  36,    0,  -35,  38.98}, // 'U'
    { 155, 167,  37,  35,    0,  -35,  37.16}, // 'V'
    { 194, 167,  53,  35,    0,  -35,  52.95}, // 'W'
    { 249, 167,  37,  35,    0,  -35,  37.02}, // 'X'
    { 288, 167,  37,  35,   -1,  -35,  34.77}, // 'Y'
    { 327, 167,  35,  35,    0,  -35,  34.81}, // 'Z'
    { 263,   2,  22,  43,    0,  -36,  21.94}, // '['
    { 381,   2,  18,  39,    0,  -35,  17.53}, // '\\'
    { 287,   2,  22,  43,    0,  -36,  21.94}, // ']'
    { 364, 167,  40,  35,    0,  -35,  40.22}, // '^'
    { 237, 236,  24,  11,    0,    0,  24.00}, // '_'
    { 401,   2,  24,  38,    0,  -38,  24.00}, // '`'
    { 128, 204,  32,  28,    0,  -27,  32.39}, // 'a'
    { 379,  52,  34,  37,    0,  -36,  34.36}, // 'b'
    { 162, 204,  28,  28,    0,  -27,  28.45}, // 'c'
    { 415,  52,  34,  37,    0,  -36,  34.36}, // 'd'
    { 192, 204,  33,  28,    0,  -27,  32.56}, // 'e'
    { 212,  91,  22,  36,    0,  -36,  20.89}, // 'f'
    { 451,  52,  34,  37,    0,  -27,  34.36}, // 'g'
    { 236,  91,  34,  36,    0,  -36,  34.17}, // 'h'
    { 272,  91,  16,  36,    0,  -36,  16.45}, // 'i'
    {  22,   2,  18,  46,   -2,  -36,  16.45}, // 'j'
    { 290,  91,  33,  36,    0,  -36,  31.92}, // 'k'
    { 325,  91,  16,  36,    0,  -36,  16.45}, // 'l'
    { 293, 204,  50,  27,    0,  -27,  50.02}, // 'm'
    { 345, 204,  34,  27,    0,  -27,  34.17}, // 'n'
    { 227, 204,  33,  28,    0,  -27,  32.98}, // 'o'
    {   2,  91,  34,  37,    0,  -27,  34.36}, // 'p'
    {  38,  91,  34,  37,    0,  -27,  34.36}, // 'q'
    { 381, 204,  24,  27,    0,  -27,  23.67}, // 'r'
    { 262, 204,  29,  28,    0,  -27,  28.58}, // 's'
    { 448, 167,  23,  34,    0,  -34,  22.95}, // 't'
    { 407, 204,  34,  27,    0,  -26,  34.17}, // 'u'
    { 464, 204,  31,  26,    0,  -26,  31.30}, // 'v'
    {   2, 236,  44,  26,    0,  -26,  44.34}, // 'w'
    {  48, 236,  31,  26,    0,  -26,  30.97}, // 'x'
    { 343,  91,  31,  36,    0,  -26,  31.30}, // 'y'
    {  81, 236,  28,  26,    0,  -26,  27.94}, // 'z'
    {  65,   2,  34,  44,    0,  -36,  34.17}, // '{'
    {   2,   2,  18,  48,    0,  -37,  17.53}, // '|'
    { 101,   2,  34,  44,    0,  -36,  34.17}, // '}'
    { 153, 236,  40,  20,    0,  -20,  40.22}, // '~'
};
inline constexpr int kGlyphCount = (int)(sizeof(kGlyphs) / sizeof(kGlyphs[0]));

// 8-bit greyscale PNG of the atlas; decode with texture_import.h's
// decodeImageRGBA8(). Greyscale because a glyph is coverage only -- the UI
// tints it per-vertex, so RGB would be three identical copies of the mask.
inline constexpr uint8_t kAtlasPng[] = {
    0x89,0x50,0x4e,0x47,0x0d,0x0a,0x1a,0x0a,0x00,0x00,0x00,0x0d,0x49,0x48,0x44,0x52,
    0x00,0x00,0x02,0x00,0x00,0x00,0x02,0x00,0x08,0x00,0x00,0x00,0x00,0xd1,0x13,0x8b,
    0x26,0x00,0x00,0x4a,0x6c,0x49,0x44,0x41,0x54,0x78,0xda,0xed,0x5d,0x07,0x7c,0x14,
    0xc5,0xdb,0xde,0x74,0x92,0x40,0x42,0xe8,0xbd,0xf7,0x8e,0x74,0x94,0x22,0xcd,0x0a,
    0x2a,0xa2,0x02,0x0a,0x08,0x08,0x88,0x82,0x80,0x22,0xd8,0x51,0x8a,0x0d,0x05,0x0b,
    0x60,0x01,0x29,0x0a,0xa8,0x14,0x05,0x14,0x15,0xe9,0xd2,0x04,0x91,0x8e,0xf4,0xde,
    0x21,0x09,0x21,0x40,0x7a,0x6e,0xbf,0xdc,0xee,0x4e,0x9f,0xd9,0xdb,0xbb,0x5c,0x48,
    0xf8,0xfe,0xef,0xf3,0xfb,0x29,0xb9,0xd9,0xd9,0x36,0xf3,0xec,0xcc,0x3b,0x6f,0x1b,
    0x4d,0x03,0x00,0x00,0x00,0xed,0xa2,0x9e,0x85,0x21,0x6c,0x59,0x8a,0x6e,0x82,0x29,
    0xfe,0xd2,0x2a,0xd4,0x87,0x2b,0xae,0x54,0xfc,0x85,0xef,0xf7,0x5d,0x4e,0x36,0xaa,
    0xd4,0x61,0x0e,0x18,0x45,0x69,0xb1,0x87,0x97,0xbc,0x51,0xd5,0xe3,0xe3,0xd4,0xcc,
    0xaa,0x3a,0x57,0x7d,0xb8,0x76,0xba,0x71,0xb1,0x7d,0x81,0xa8,0x20,0xf4,0x94,0x51,
    0x90,0x52,0x51,0x79,0x4a,0x48,0x87,0x31,0x4b,0x77,0xc7,0x26,0x67,0xde,0xbc,0xb8,
    0x7d,0xc1,0xa8,0x16,0x81,0x92,0x1a,0x27,0x75,0x1a,0x4b,0x50,0xf1,0x2a,0xa6,0x78,
    0x97,0xea,0xfa,0xf5,0x86,0xce,0xdd,0x7a,0xf1,0x66,0x46,0xc2,0x99,0x2d,0xb3,0x46,
    0xd4,0xf5,0xf0,0x76,0xfb,0xdd,0x57,0xea,0xad,0x69,0x07,0xdd,0xff,0x76,0xe7,0x8f,
    0x3e,0x96,0xe1,0x2e,0x4e,0x6f,0x21,0x3f,0xb7,0xc2,0x9b,0x6b,0xcf,0x26,0xdf,0x38,
    0xf9,0xcb,0xb0,0x18,0xee,0x40,0xbe,0x13,0xee,0xd3,0x1e,0xc8,0x6d,0x02,0x14,0x98,
    0x92,0x41,0x5a,0x4b,0x42,0x00,0x13,0x4b,0xcb,0x78,0x78,0x9c,0xda,0xf6,0x04,0x58,
    0x69,0x5e,0xe6,0x31,0x52,0x32,0xd0,0x2c,0xf9,0x49,0x71,0x42,0xad,0x2f,0x13,0x98,
    0x7e,0xbc,0xf8,0x41,0x39,0x7f,0x12,0xa0,0xcc,0xb8,0xa3,0x4c,0xad,0xb3,0x13,0x2a,
    0xd8,0xbc,0x5c,0x55,0xa3,0x83,0x0b,0x69,0xda,0x7b,0xee,0x3f,0x7e,0x14,0x8e,0xf7,
    0xca,0x74,0x97,0x9f,0x2c,0x28,0x39,0x35,0xdf,0xd4,0x34,0x74,0x8f,0x6b,0x2f,0xb1,
    0x87,0xc6,0xb8,0x0b,0x7f,0xcd,0xed,0x11,0x20,0xff,0x3f,0x74,0x3b,0x28,0x09,0xa0,
    0x9f,0xaf,0x60,0xff,0x38,0x75,0x6c,0x09,0xf0,0xb0,0x79,0x91,0xbd,0x01,0xd4,0x07,
    0x7e,0xc2,0x2c,0x6b,0x2f,0xab,0x5f,0x6c,0x66,0xa6,0xce,0x23,0x75,0x62,0x7e,0x7f,
    0x11,0xa0,0xcc,0xcc,0x34,0xe1,0xf2,0x99,0xb3,0xcb,0x2a,0x1f,0x7f,0x94,0xbb,0xc2,
    0xaa,0xac,0x3f,0x9a,0xba,0xff,0x48,0x0c,0x13,0x2a,0x0c,0x30,0x2e,0xb1,0x58,0x3c,
    0x33,0x7a,0x1b,0x7d,0x8f,0xb9,0xd4,0xfb,0x6b,0xe5,0x93,0xdc,0x23,0x60,0x95,0xdc,
    0x26,0xc0,0x34,0xdd,0x19,0x01,0xf4,0x4d,0xf6,0x8f,0x53,0xcf,0x8e,0x00,0x41,0x07,
    0xcc,0x6b,0xf4,0xa6,0x0b,0x87,0x99,0x65,0xdb,0x25,0xf5,0xdb,0x5f,0xd4,0x65,0x38,
    0x54,0xdf,0x2f,0x04,0x08,0x1c,0x75,0x43,0x7a,0xf9,0xe4,0x11,0x01,0x8a,0xe7,0xdf,
    0xe2,0x3e,0xfc,0x7c,0xd6,0x1f,0x01,0x67,0x14,0xa3,0xb6,0xf9,0x32,0x83,0xf9,0xe2,
    0x80,0x5f,0xd8,0x5b,0xbc,0x4d,0x1d,0x5b,0xec,0x2e,0x98,0x90,0xdb,0x32,0x40,0xc9,
    0x34,0xa7,0x04,0xd0,0xdb,0xd9,0x3e,0x4e,0x7d,0x3b,0x02,0xf4,0xb1,0x46,0x91,0x50,
    0x66,0xec,0xb1,0xc6,0xf8,0x47,0x84,0xea,0x4f,0xa6,0xeb,0x72,0x24,0xb6,0xf5,0x03,
    0x01,0x4a,0xae,0xb5,0x3e,0xf9,0x75,0xe3,0x1f,0xac,0x56,0x34,0x24,0xb2,0xf4,0xdd,
    0xc3,0x7e,0x33,0x25,0x20,0xfd,0x8f,0x68,0xe9,0xe3,0x97,0x74,0x65,0x1d,0x73,0x19,
    0x93,0xe0,0x14,0x77,0xb5,0x19,0x92,0x3a,0xaf,0x18,0x14,0xe2,0x65,0x89,0x47,0x8d,
    0xcb,0xc6,0xf7,0xcc,0x5f,0xf4,0x35,0x63,0x48,0x4b,0xaf,0x84,0x0f,0x75,0x74,0xff,
    0x3e,0x13,0x99,0xdb,0x04,0xe8,0x8d,0x0e,0xee,0xee,0x55,0x2d,0x52,0xfc,0x00,0xc2,
    0xcb,0x3f,0xbc,0x02,0xd5,0xf8,0x48,0xf5,0x24,0xa1,0xf7,0x8e,0x5b,0xbe,0xf3,0xb2,
    0xbb,0x8d,0xe2,0x8f,0x6c,0xf9,0x75,0xc6,0x6b,0x4f,0x34,0x2e,0xc4,0x0d,0x00,0xc7,
    0xcc,0x2b,0xbc,0xc9,0x16,0x7f,0x6c,0x96,0xee,0xe1,0x6f,0xfb,0x70,0xa6,0xae,0xc2,
    0x8d,0x3b,0x64,0x04,0x28,0x21,0x7b,0xaa,0x1a,0x0a,0x02,0xd4,0x30,0xcf,0xba,0xf4,
    0x1a,0x3d,0xe2,0x17,0x1a,0x69,0x8e,0x39,0x3b,0x8b,0xcb,0x2e,0x35,0xd8,0x7d,0x68,
    0xab,0x39,0x36,0xb9,0xff,0xbc,0x2c,0x93,0x48,0xc7,0xba,0x8f,0xfc,0x17,0xc1,0x16,
    0xfe,0xad,0xe3,0x11,0xc3,0x10,0x1f,0xf4,0xcf,0xf1,0x0c,0xf8,0x9f,0xfb,0xe7,0xe3,
    0xb9,0xbe,0x0a,0xf8,0x0c,0x09,0x41,0xf9,0x55,0xf7,0x09,0x58,0x67,0x55,0x59,0x2f,
    0x3f,0x1e,0xf5,0xde,0x65,0xb1,0xa3,0xf2,0x31,0x55,0x1e,0xb7,0x3e,0x39,0x4e,0x90,
    0xac,0x65,0x55,0xbe,0x97,0x5b,0x4f,0xdc,0xc4,0x97,0xb9,0x34,0xb1,0x45,0x89,0xb0,
    0x72,0xf7,0xcc,0x4c,0x22,0xc2,0x5a,0x4c,0x36,0x09,0x50,0xfd,0x8a,0x21,0x4f,0xbc,
    0x1f,0xc5,0xcb,0x42,0x1f,0x18,0xb4,0xdb,0x17,0x25,0xb9,0xd4,0x9f,0xee,0x23,0xaf,
    0x18,0x7f,0x06,0xc7,0xb9,0xff,0x6e,0x2d,0xbb,0xe1,0x44,0xf7,0x91,0x6f,0x98,0xa2,
    0xc2,0x2e,0x83,0xe1,0xc6,0xdf,0x31,0xc6,0xb0,0x76,0x0c,0x1d,0x7a,0xc9,0xfd,0x6b,
    0xad,0xbf,0x97,0x81,0x52,0xd8,0x12,0x60,0xbe,0xa7,0xcf,0x3b,0x4b,0xc4,0xb5,0xaa,
    0xec,0x97,0x1e,0xbd,0xfb,0x8c,0xec,0x4b,0xcd,0x27,0x4e,0xa1,0x59,0x03,0x2c,0x7f,
    0xee,0x56,0x59,0x79,0xd0,0x76,0x7c,0x95,0x45,0x85,0x51,0xaf,0x91,0xb2,0xef,0xb2,
    0x47,0x80,0x12,0xc6,0xea,0xf3,0x44,0x23,0xc9,0x09,0x6d,0x0d,0x6a,0xac,0x08,0x12,
    0x0e,0x14,0x34,0xa6,0xc9,0x1a,0xe6,0x8f,0x39,0xee,0xbf,0x27,0x4b,0x9b,0x62,0xaa,
    0xfb,0x50,0x0f,0xba,0xe4,0x7e,0xe3,0x09,0x3e,0x31,0x7f,0x98,0xe2,0x60,0x31,0xeb,
    0x39,0xae,0xb9,0x27,0x84,0x3a,0xb9,0x4f,0x00,0x24,0xa4,0xf4,0xb6,0x17,0xef,0x8c,
    0xf9,0x4a,0x76,0xb0,0x7d,0xb2,0xee,0x91,0x00,0x8d,0xad,0xc2,0xa7,0xf8,0x93,0x87,
    0x98,0xe5,0xae,0x6a,0x74,0x61,0x3f,0x7c,0x91,0x1f,0xc8,0xdc,0x10,0xb5,0x1b,0x15,
    0xba,0x1a,0x65,0x87,0x00,0x81,0x6b,0xdc,0x45,0x3b,0x0a,0x4b,0x5f,0xb4,0xc6,0x59,
    0xf7,0xc1,0x97,0x85,0xf2,0xa7,0x8c,0xc1,0x9d,0x5e,0xcf,0x9c,0x94,0x8f,0x95,0x33,
    0xdd,0x6b,0xbd,0xca,0x54,0x49,0x5f,0xe3,0x09,0x86,0x99,0x3f,0x7e,0xa4,0xa5,0xac,
    0x6f,0x29,0x66,0xe4,0x2a,0x01,0x7e,0xb5,0x8e,0xd9,0xa8,0x23,0xca,0xa0,0xd1,0x57,
    0x72,0xac,0xe0,0x65,0xdd,0x33,0x01,0xa6,0x98,0x65,0x69,0x05,0x55,0x57,0x1e,0x4f,
    0x77,0xd1,0x71,0x74,0x8d,0x83,0xf4,0x6a,0xab,0x1c,0x9e,0x05,0x7e,0xce,0x0e,0x01,
    0x5e,0x36,0x86,0xe4,0x18,0x95,0x20,0x7b,0x3d,0xeb,0x68,0x52,0x25,0xbe,0x98,0x11,
    0xd7,0xc3,0x8d,0x09,0xaa,0xa1,0xb3,0x3e,0x32,0xd7,0x06,0x03,0xcd,0x1f,0xb3,0x8c,
    0x1f,0x77,0x1a,0x7f,0xb7,0x74,0xcf,0x0d,0x97,0xa2,0xf3,0x80,0x26,0x10,0x11,0xa0,
    0x83,0xfa,0x46,0x45,0x6c,0x08,0xf0,0xae,0x75,0xec,0x9f,0x6e,0x9d,0xb2,0xfe,0x3f,
    0xaf,0x48,0xad,0x07,0x47,0x7f,0x7f,0x81,0x23,0x40,0x48,0xac,0x59,0x67,0xa5,0x78,
    0xba,0xa5,0x83,0x38,0x49,0x89,0x81,0xf7,0x61,0x12,0x3d,0xcc,0x54,0x1d,0x8f,0x8a,
    0xd3,0x4b,0xf9,0x4e,0x80,0xd2,0xee,0x1e,0x8e,0xaf,0xa4,0x7c,0xd5,0x9e,0x32,0xd5,
    0x54,0xb8,0xb1,0x68,0x6c,0x8c,0x7e,0xfe,0xe4,0xfe,0x35,0xd6,0x59,0x1f,0xf5,0xa5,
    0xdb,0x9d,0x1a,0x01,0x02,0xff,0x75,0xff,0xd9,0x57,0xbb,0xfd,0x09,0x70,0xc4,0x3c,
    0xb4,0x3a,0xd8,0x68,0x6f,0x6b,0x19,0x58,0xeb,0x8d,0x3d,0xf4,0xc7,0x7b,0x8f,0x75,
    0xfe,0x48,0xf1,0xf4,0x09,0xd6,0xa1,0xa6,0xa4,0x68,0x16,0x7a,0xda,0x23,0x6c,0xd5,
    0xc2,0x78,0x69,0x38,0xd8,0x77,0x02,0x7c,0xc5,0x68,0x72,0x9b,0x7d,0xb6,0x2f,0x3e,
    0xe9,0xc8,0xfc,0x8e,0x66,0x5b,0x66,0xa0,0xe6,0xc8,0x28,0xcf,0x5e,0xe8,0x21,0x76,
    0xfe,0x33,0x44,0xa2,0xbd,0xce,0xfa,0xc8,0x64,0xf3,0xa7,0xb4,0x0c,0x50,0xd4,0xfd,
    0xe7,0x20,0xf7,0x5f,0x7f,0x07,0xdc,0xfe,0x04,0x28,0x61,0x1d,0x7a,0x50,0xa3,0x09,
    0xc0,0xe1,0x13,0xab,0x52,0x63,0xf1,0x50,0x47,0xeb,0xd0,0x18,0xee,0xb5,0xdc,0x78,
    0x97,0xab,0x8b,0x97,0xa3,0xcb,0x7c,0x26,0x40,0x09,0x77,0xfb,0xac,0xb1,0x7e,0xc4,
    0x20,0xf9,0x57,0xff,0x31,0x3f,0x26,0x80,0xdb,0xa2,0xa1,0x7f,0xc0,0x5e,0x68,0xb6,
    0xbb,0xec,0x33,0xfc,0xd3,0x94,0xe6,0x9d,0x29,0xf0,0x0a,0x51,0xab,0x00,0x53,0x94,
    0x3c,0x6a,0x14,0xbb,0xc7,0xc4,0xcc,0xc6,0x79,0xc2,0x18,0xb4,0xca,0x39,0x01,0x2e,
    0x8b,0x87,0x1a,0x5a,0x87,0x3a,0xd9,0x11,0xe0,0xa0,0x59,0xe7,0xba,0x28,0x5e,0x6b,
    0x91,0x96,0x19,0x62,0x0b,0x2e,0xa9,0x88,0x67,0x80,0xd6,0xd2,0xf9,0xd4,0x6d,0x15,
    0xf0,0x99,0x00,0xa3,0xc9,0x24,0xac,0x15,0xdf,0x4d,0x24,0x96,0xef,0x30,0x01,0x34,
    0xb7,0x92,0xe8,0x10,0xbb,0x2a,0x31,0x66,0xb0,0xbb,0xb9,0x26,0x7b,0xd9,0x59,0x27,
    0x6d,0x26,0x02,0xd6,0x38,0x1d,0x13,0xc9,0xd0,0xbe,0x4e,0xd7,0xf2,0x04,0x01,0xb6,
    0x2b,0x9a,0x9b,0x16,0xf4,0x90,0x2e,0x5e,0x54,0x7f,0xb4,0xb0,0x0e,0xcd,0xb0,0x21,
    0x40,0x21,0xab,0xce,0x66,0xd9,0x41,0x4b,0x45,0x9c,0x16,0xc6,0x19,0x0d,0xb2,0xc0,
    0x4b,0x6a,0xed,0xf1,0x91,0x62,0xbe,0x12,0x60,0x37,0xd6,0xe7,0x68,0x81,0x7f,0x31,
    0x76,0x00,0x4c,0x00,0x43,0xa9,0x5f,0x92,0x59,0xe7,0xba,0x4b,0x62,0x83,0x49,0xc1,
    0xf3,0xca,0xb7,0x11,0xf1,0x08,0xd2,0x04,0x16,0x19,0x6d,0x5a,0x0c,0xdd,0xc6,0xcf,
    0x06,0xee,0x3f,0xe3,0x8b,0xe4,0x09,0x02,0x04,0x22,0xad,0xf8,0x1d,0xea,0x1b,0x85,
    0xa0,0xf3,0x45,0x9b,0x70,0x35,0x74,0xe8,0x8b,0x0a,0x4a,0x02,0x20,0x11,0xe0,0x2b,
    0xd9,0xc1,0x05,0xd6,0xc1,0x26,0xc2,0x77,0x7e,0x9e,0xaf,0x5a,0x1c,0x77,0x57,0x13,
    0x1f,0x09,0x50,0xca,0xfd,0xf3,0x05,0xf3,0xef,0xe1,0xa6,0x9c,0xf1,0x70,0x74,0x81,
    0xfb,0xf6,0x98,0xf5,0x4c,0x02,0xd4,0xe4,0x6c,0x96,0x96,0xaa,0x6c,0x16,0x2d,0x49,
    0x1a,0x8a,0xe1,0x92,0x8e,0x3a,0x89,0xb7,0x05,0x18,0x73,0xdd,0x06,0xa7,0xeb,0xb7,
    0x5b,0x40,0x00,0x34,0x09,0xeb,0x76,0x7c,0x3c,0xaf,0x94,0xe2,0x42,0x89,0x55,0x25,
    0xde,0xad,0xd1,0x29,0xa6,0xb2,0xa4,0xa9,0x4c,0x51,0xef,0x58,0x07,0x07,0xa0,0x82,
    0xf7,0xb1,0x6a,0x5a,0x30,0x28,0xe1,0x5b,0x75,0xf1,0x91,0x00,0x3d,0xdc,0x3f,0x2b,
    0x98,0xa4,0x36,0x96,0xfc,0xc7,0x8c,0xb7,0xce,0xbf,0x93,0x22,0x40,0x80,0xfb,0x8d,
    0x5e,0xa4,0xaf,0x73,0x9a,0xb9,0x25,0xd6,0x5f,0x3d,0xeb,0xac,0x97,0x24,0xd6,0x40,
    0x43,0xad,0xb0,0x3b,0x28,0x4f,0x10,0x20,0x6a,0x97,0x75,0xe8,0x94,0xdd,0x9d,0x10,
    0x8b,0x63,0x45,0xe7,0x8d,0xa5,0xdc,0xfa,0xff,0xf4,0x4f,0xc3,0x2b,0x2a,0xd4,0x10,
    0xdd,0x64,0x97,0x1e,0xc8,0x4b,0x7c,0x9f,0xa3,0x2b,0x6d,0x14,0xea,0x62,0x0d,0x71,
    0x0f,0x1f,0x09,0xf0,0x3e,0x11,0x20,0x3a,0x23,0xd9,0xd5,0x8d,0x46,0x14,0x01,0x8c,
    0x6b,0xbe,0xcb,0x6b,0xb1,0x6e,0x84,0x0b,0x76,0x9f,0x15,0x0e,0xbb,0x29,0xdf,0x34,
    0xbc,0x7c,0xb9,0x66,0x7c,0x41,0xf9,0xcf,0x7b,0x98,0x72,0x6f,0x15,0x01,0x02,0xa2,
    0xea,0x0d,0xc3,0x4a,0x97,0x0f,0xec,0xee,0xd4,0x0b,0x7f,0xe5,0x6f,0x37,0x8b,0x09,
    0x92,0x0a,0x01,0x34,0xb6,0xf7,0x60,0xea,0xfc,0x6e,0x15,0x4b,0xfd,0x65,0xee,0xb7,
    0x0e,0xce,0x43,0x05,0x5f,0xa3,0xab,0xfc,0x29,0xd4,0xbd,0x82,0x0e,0xf5,0xf5,0x91,
    0x00,0x8b,0x89,0x32,0xe2,0x23,0x63,0x59,0x13,0x40,0x0b,0x42,0x16,0x01,0x76,0x64,
    0xfd,0x39,0x8d,0x5f,0xa9,0x2e,0x62,0xcd,0x09,0x72,0xb5,0x96,0x0a,0x15,0xdf,0x5a,
    0x77,0x2e,0xe5,0xe6,0xa9,0x5f,0x2d,0x8f,0xa0,0x0f,0xc9,0xfb,0x46,0x0e,0x5a,0x74,
    0xec,0x5a,0xea,0xf9,0x4d,0x13,0xea,0xe4,0x02,0x01,0x98,0x3e,0x3b,0x56,0xc8,0xee,
    0x4e,0x41,0x6b,0xd5,0x26,0xe3,0x0f,0x65,0x7a,0xc0,0x1d,0xd5,0x44,0x65,0x8f,0x5e,
    0x53,0x76,0xe9,0x96,0xd6,0xc1,0x15,0xc2,0x08,0xb0,0x41,0x3d,0x02,0x3c,0xe1,0x23,
    0x01,0xdc,0x73,0xef,0x1c,0xf3,0xcf,0x35,0x8c,0x67,0xcf,0x64,0x8a,0x00,0x7b,0xb3,
    0xfe,0x7c,0x9f,0xba,0x8c,0x61,0xb4,0x7b,0x92,0xbd,0xb4,0xac,0xcc,0x29,0xaa,0xbb,
    0x57,0x83,0xd7,0x0d,0x65,0xd6,0x00,0x4c,0x69,0xd7,0xf7,0x05,0x73,0x93,0x00,0x99,
    0x3f,0x14,0xb3,0xbf,0x55,0xf8,0xc7,0x49,0x2a,0x02,0x04,0x8c,0xcd,0x90,0x30,0x20,
    0xa1,0x16,0xd7,0x5a,0x78,0xf2,0x55,0xac,0x23,0xf1,0x80,0xff,0x81,0xd2,0x8c,0x4f,
    0x64,0x80,0xfb,0x7c,0x24,0xc0,0x0e,0xb2,0x9e,0x37,0x04,0x3f,0xdc,0xcf,0x43,0x29,
    0x02,0x9c,0x65,0x85,0x1d,0xe9,0xd7,0x2e,0x19,0x15,0x1c,0xe3,0x0f,0xf7,0xb9,0xa3,
    0xb0,0xed,0x08,0xe1,0x70,0xb9,0xdc,0x23,0x40,0xe2,0xb0,0x60,0xcf,0xcb,0x99,0x53,
    0x2a,0xa7,0x11,0xad,0xf1,0x12,0x97,0xc8,0x80,0xc3,0xe4,0x92,0x96,0x2f,0x80,0x5e,
    0x4a,0x76,0x5d,0x64,0x11,0xfe,0x17,0x15,0x8c,0xc0,0xd2,0x84,0x7a,0x15,0xd0,0x2c,
    0x1b,0x04,0xb0,0xb4,0x72,0x27,0x18,0xf5,0x53,0x7f,0x42,0x80,0x68,0xce,0x6a,0x25,
    0x9d,0xef,0x4d,0xb9,0x20,0x9f,0x2f,0xfd,0x6f,0x2c,0x73,0x0f,0xb9,0x1d,0x63,0x5e,
    0xe4,0x26,0xce,0x7c,0xb9,0x38,0x05,0x1c,0xb9,0xc3,0xfe,0x56,0x25,0xd7,0xa9,0xbd,
    0x86,0xb2,0x50,0xfe,0xc5,0x75,0x49,0x3c,0x03,0xfa,0x39,0x1b,0x01,0xee,0xe0,0xfd,
    0xcd,0xba,0xe2,0x51,0x91,0x77,0x50,0x68,0x87,0xaf,0x5d,0x30,0x1b,0x53,0xc0,0x37,
    0x64,0xa0,0x27,0x82,0xcf,0x0b,0x84,0x00,0xf7,0x71,0x8f,0x2a,0x97,0xf8,0xc5,0x95,
    0x81,0x53,0x91,0xd0,0x90,0xba,0xee,0x71,0xb7,0xa9,0x69,0x46,0xfd,0xa0,0x54,0xc4,
    0x43,0x17,0x8c,0xbf,0x5e,0xcc,0x4d,0x19,0x20,0xae,0xac,0xdd,0x9d,0xc2,0xf6,0xea,
    0xb6,0x04,0xc8,0x42,0x70,0xc3,0x57,0x59,0x02,0xfc,0x2e,0xa8,0x9a,0xa4,0x32,0xc0,
    0x9d,0xbc,0xc8,0x57,0x05,0x5f,0xa1,0xa9,0x4a,0x13,0x78,0xc6,0x57,0x4d,0xe0,0x4f,
    0xe4,0x46,0x86,0x54,0xb3,0x00,0x1d,0xf8,0x94,0x10,0xe0,0x3b,0xa4,0xae,0xb5,0x5d,
    0xf3,0x0b,0xba,0x01,0xa7,0x78,0x0b,0xfb,0xae,0x99,0x0e,0x42,0x5f,0x12,0x49,0xfa,
    0x7c,0xe0,0x2d,0x5e,0x05,0x04,0x16,0x6c,0xf4,0x0a,0x56,0xbc,0x4f,0xb1,0xbb,0xd3,
    0x00,0x54,0xeb,0xe6,0x47,0xad,0x0a,0xab,0xa6,0x0b,0x77,0x7b,0xff,0xf6,0xc8,0x94,
    0x44,0xab,0xea,0x75,0x41,0x87,0x2f,0x5d,0x05,0x3c,0x60,0x1d,0xfc,0x1e,0xcb,0x14,
    0x71,0xe8,0x66,0xaf,0xc9,0x26,0x4f,0x76,0xf2,0xf5,0x92,0x00,0x13,0xc9,0xcc,0x62,
    0x88,0x7d,0xe7,0xd0,0x2a,0x60,0x27,0x26,0x40,0x35,0xf7,0x9a,0xed,0x3d,0x8f,0x5a,
    0x3f,0x53,0x3b,0xe8,0xfd,0x52,0xde,0x70,0x04,0x4e,0xae,0x88,0xa5,0x10,0xdd,0x5c,
    0x33,0xaf,0xd7,0xbd,0x30,0x31,0xfb,0x55,0x0f,0x50,0xe2,0x84,0x9d,0xb3,0x07,0xc2,
    0x72,0xab,0x52,0x92,0xdd,0x23,0x5a,0x9a,0xc0,0x4a,0x57,0xad,0xca,0x51,0xfc,0xc2,
    0xee,0x31,0xd9,0x59,0x83,0xac,0x83,0x44,0xee,0x9e,0xa7,0xf3,0x62,0x81,0xa5,0x51,
    0xc6,0xcb,0xe9,0xa7,0x7c,0x25,0xc0,0xd3,0xee,0x9f,0x65,0x28,0x8d,0xb3,0xa5,0x07,
    0x68,0x8a,0xf5,0x00,0xa1,0x9b,0xdc,0xcb,0xf5,0xc2,0x1e,0xf5,0xfe,0x82,0x7d,0xc0,
    0x21,0x0c,0xcf,0x82,0x77,0x0c,0x6d,0x80,0x21,0x38,0x9d,0x30,0x8b,0xdf,0x96,0xbb,
    0x14,0xdf,0x0a,0x4d,0x60,0x0f,0x27,0x9a,0xc0,0x73,0x42,0x2f,0xa9,0x09,0x60,0xbd,
    0x8c,0xae,0x63,0xa9,0x16,0xcd,0x0d,0x23,0x64,0x67,0x8d,0xb5,0x0e,0x0e,0xe2,0xb4,
    0xe7,0x6e,0xb4,0x62,0x6a,0x62,0x7f,0x80,0xd4,0x18,0x5f,0x09,0x60,0x4c,0x2f,0xcf,
    0x98,0x2a,0xcc,0x0b,0x94,0x26,0x70,0x17,0x22,0x40,0xd4,0xaf,0xc4,0xf9,0xcf,0xde,
    0xf2,0xc7,0x59,0x08,0x1d,0xa2,0x83,0xe1,0xfc,0x10,0x4e,0x8c,0x5e,0x6b,0x29,0x66,
    0x32,0x2e,0xe3,0xb7,0x8c,0x00,0xe1,0xe8,0xbb,0xb2,0xf9,0xb8,0x83,0x91,0x94,0xdf,
    0xc8,0x09,0x01,0xba,0x59,0x95,0xa3,0x79,0x5d,0x8f,0xd4,0x16,0xb0,0x90,0x17,0xec,
    0xb5,0x60,0x44,0x37,0xfd,0x6f,0x7a,0x52,0x2c,0x87,0xb5,0x00,0x94,0x15,0xcd,0x5b,
    0x63,0xd0,0x71,0x62,0x0d,0x36,0x15,0xd4,0x47,0x1f,0x89,0xce,0x7f,0x8f,0x65,0x16,
    0xcc,0xa8,0x34,0xdc,0xd0,0x0f,0x2f,0x0c,0xe0,0x54,0x60,0x32,0xdb,0xff,0x43,0xd2,
    0x85,0x8a,0x07,0x04,0x1b,0xf2,0x70,0x57,0xe3,0xef,0xfa,0xc6,0x3d,0x7f,0x33,0x0f,
    0x3c,0x61,0xfc,0x98,0x94,0x2b,0xd6,0xc0,0xff,0xa4,0x9f,0x1b,0xab,0x2f,0x46,0xea,
    0x02,0x71,0xa1,0xd2,0x70,0x61,0x23,0x9e,0x00,0x56,0x08,0xc0,0x4d,0x5c,0xa7,0x98,
    0x5d,0x60,0x89,0x65,0x2a,0x4e,0xa3,0x2e,0x3d,0x14,0x0f,0x01,0x9f,0x92,0xc2,0x02,
    0x48,0x67,0xad,0x67,0x54,0xf1,0x9d,0x00,0x86,0xe0,0x65,0xba,0xee,0x07,0x6f,0xa1,
    0x45,0x56,0x4a,0x97,0xb1,0x92,0xd6,0xfa,0x2a,0xbd,0x7f,0x38,0x2f,0x21,0x67,0x78,
    0x89,0xf2,0x8b,0xaa,0x40,0x8f,0x00,0x7d,0x79,0xa7,0x88,0x5b,0x48,0x80,0xf5,0xba,
    0x4d,0x80,0x96,0x89,0xc2,0x56,0x95,0xab,0xe2,0xa1,0xac,0x05,0xf1,0x9a,0x7e,0x05,
    0x69,0x02,0x98,0x5e,0x97,0xba,0xbe,0x5c,0xe3,0x15,0x01,0x89,0x12,0x99,0x29,0xbf,
    0xd5,0xf2,0x5b,0x69,0xe3,0xe3,0x7f,0xb8,0x33,0xbe,0x44,0x4b,0xc1,0xea,0x24,0x7e,
    0x8d,0xfe,0x4e,0xbc,0x25,0x40,0x75,0x17,0xf1,0xf8,0x2a,0x45,0x6e,0xa3,0x4f,0xc7,
    0xc2,0x70,0xc6,0x5b,0xf4,0xb0,0x63,0xe3,0xff,0xe7,0x43,0x58,0x8f,0xe1,0x08,0x9c,
    0x66,0x39,0x17,0x47,0x64,0x52,0xce,0xa5,0x6f,0x73,0xd3,0xe0,0xad,0x24,0xc0,0x72,
    0xe7,0x0e,0x21,0xe7,0xa4,0x04,0xc8,0x9a,0x94,0x57,0x8e,0x7d,0xa0,0x72,0xa4,0xbb,
    0xbd,0xe7,0x15,0x6c,0xff,0xbb,0xe8,0x65,0x3c,0x55,0x6d,0x71,0x46,0xa6,0xe2,0x77,
    0xe8,0xc2,0x46,0x24,0x58,0xe9,0xcc,0xb8,0x26,0xc5,0x42,0xcb,0x76,0xfc,0x86,0xa8,
    0x19,0x0e,0xe4,0xcb,0x06,0x01,0xb4,0x9f,0xd1,0x2a,0xdc,0xfd,0x5a,0x8b,0xd0,0x35,
    0xe7,0x47,0x5a,0x04,0x48,0x99,0x55,0x57,0xd4,0xda,0x9c,0x94,0x36,0x0a,0xe3,0x29,
    0xec,0x0c,0x73,0x18,0xf7,0xfb,0x9d,0xd4,0x2a,0xc0,0x54,0xb3,0xd4,0xcd,0x15,0x02,
    0x64,0xcf,0x25,0xac,0x31,0x15,0x58,0xc7,0xa8,0x01,0x76,0x52,0x1f,0xd2,0x83,0x6a,
    0x29,0xf0,0x5d,0x41,0x04,0x60,0x8c,0x4f,0x22,0xae,0xd4,0xd2,0xb2,0x43,0x80,0x3a,
    0x6e,0x91,0xe7,0x3c,0x12,0x78,0x5b,0x4e,0xd9,0x9f,0x90,0x74,0x74,0x7e,0x27,0x77,
    0x5b,0x66,0xc6,0xed,0xfe,0xb2,0x57,0x31,0x59,0x97,0xc9,0x63,0x00,0x4c,0x07,0xaf,
    0xea,0x5e,0xf4,0x57,0x0b,0xf7,0xf0,0x73,0xa1,0x00,0xfa,0x39,0x8e,0xe8,0x01,0x9a,
    0x1a,0x42,0xd6,0xa9,0x80,0x9c,0x22,0xc0,0x57,0xa8,0xf5,0x5e,0xc8,0x49,0x02,0x30,
    0xb8,0x40,0xfb,0x8e,0x84,0x5d,0x55,0xc4,0x85,0x60,0x25,0x11,0xff,0xee,0xcf,0xaa,
    0x62,0xc3,0x12,0x58,0x39,0xd4,0x7b,0xb7,0x70,0x23,0x1a,0x6d,0x63,0x38,0x5f,0xb7,
    0x68,0xb4,0xac,0xf5,0x6d,0xa2,0x80,0x98,0x68,0x21,0x47,0x08,0x34,0xde,0xb5,0x17,
    0x11,0x8d,0xcc,0x51,0xed,0xbd,0x92,0xe1,0x0f,0x9e,0xd3,0x7d,0xf2,0x10,0x71,0x4c,
    0x80,0xef,0x75,0x9b,0xe0,0x8f,0x5f,0x89,0x57,0x9f,0x0a,0xc5,0xbc,0x26,0xc0,0x56,
    0x26,0xd2,0x03,0x31,0x30,0x55,0x88,0xba,0x2a,0x6b,0xd5,0x17,0xe6,0xd2,0x07,0xaf,
    0x48,0xaf,0xbb,0x8f,0xfb,0xe2,0xbc,0x27,0x40,0xb8,0xa1,0x7f,0x59,0xe1,0x2c,0x24,
    0xd3,0x8c,0x03,0x54,0xa8,0x7b,0x06,0xf3,0xb2,0x8b,0x07,0x18,0x1a,0x8f,0x4d,0x01,
    0x32,0x61,0xd7,0x74,0x8b,0x0c,0xf5,0x27,0x01,0x9e,0xa7,0x0b,0x37,0xa3,0x7b,0xdc,
    0x6f,0x43,0x80,0x87,0xd5,0x37,0xaa,0xa0,0x26,0x40,0x40,0xd3,0x71,0xdb,0x05,0x6b,
    0xe0,0xbf,0xcf,0x70,0x6d,0xd6,0x82,0x77,0xe4,0xe0,0xdb,0x40,0x1c,0x49,0x4b,0x7e,
    0x2b,0x5a,0x98,0xd2,0x3e,0xe5,0xfb,0xcd,0x87,0xd0,0xb0,0x6a,0xc6,0x57,0xbd,0x5d,
    0x92,0x97,0x24,0xf0,0x55,0x3e,0x3c,0x4e,0x19,0x09,0x6c,0x08,0x91,0x24,0x62,0xd8,
    0x09,0x62,0x0c,0x47,0x60,0x46,0x9e,0xfc,0x94,0x7e,0xb9,0x03,0xa5,0xfc,0x62,0x0d,
    0x74,0xf1,0x2e,0x13,0xee,0x55,0x1c,0x9e,0x9d,0x65,0x26,0x9f,0xa5,0x82,0xb3,0xbd,
    0x00,0x64,0xb3,0x97,0x4b,0x43,0x5a,0x64,0xdb,0x11,0xd3,0x56,0xfe,0x77,0x31,0xd5,
    0xdd,0x45,0xc7,0xd6,0xcf,0x1a,0x28,0xd1,0xf9,0xff,0x23,0xac,0x0c,0x4c,0x6c,0xe3,
    0x9c,0x01,0x18,0x3b,0xe1,0xb4,0x78,0xb6,0xff,0xcf,0x88,0x2e,0x89,0xbe,0x04,0x87,
    0x36,0xbb,0x6e,0xcc,0x25,0xcf,0xf2,0x9a,0xf7,0x1a,0x6b,0x75,0x57,0x1b,0x96,0xdd,
    0x67,0x6c,0x43,0xa6,0xb6,0x08,0x5f,0x9a,0x1d,0x0c,0x49,0x78,0x1a,0x5b,0xd6,0x1f,
    0x87,0x55,0x65,0xce,0xf5,0x21,0x48,0x48,0x42,0x00,0xe4,0xbf,0xcb,0x84,0xdc,0x8f,
    0xc6,0x1e,0x49,0x41,0x2a,0xd1,0x34,0x0b,0x5f,0xab,0x6f,0xf4,0xbc,0xa7,0x64,0x3b,
    0xa6,0x7c,0x65,0x93,0x1f,0xa0,0xa7,0xb5,0xc6,0xe2,0x58,0x5e,0x5b,0x1e,0x1d,0x8c,
    0xa7,0xe0,0xb6,0xaf,0x2f,0xda,0x71,0x29,0x09,0x0f,0x05,0xaf,0xfa,0x85,0x00,0x5a,
    0x73,0x73,0x7a,0xd9,0xd7,0x87,0x96,0x04,0x5a,0xfc,0xec,0xbe,0xcd,0x71,0x66,0x88,
    0x51,0x65,0x03,0xd1,0x28,0x55,0xd2,0x2a,0x87,0x9d,0x55,0xdf,0x3d,0x4e,0xc6,0xf1,
    0x6e,0x37,0x91,0x03,0x17,0x1d,0x4f,0x4c,0xbd,0xb0,0x69,0x7c,0x2d,0x1f,0xec,0x4a,
    0x32,0x02,0x20,0xdb,0x1a,0xf2,0x7d,0x77,0xa3,0x2d,0x1e,0x00,0x96,0xca,0xae,0x82,
    0x3c,0x7a,0xe2,0x94,0xba,0xe0,0xa0,0x1d,0xba,0x52,0x88,0xe3,0x7a,0x53,0x45,0x80,
    0x60,0xcb,0xf5,0xec,0x75,0xb6,0x78,0x92,0x22,0x3f,0x80,0x26,0xfb,0x66,0xb3,0x30,
    0xd4,0x2f,0x04,0xd0,0xaa,0x5a,0x6e,0xc0,0x89,0x3f,0x0c,0x6e,0x59,0x22,0x5f,0x50,
    0x54,0xad,0x6e,0x93,0xad,0x00,0x27,0xfd,0x2d,0xba,0x9e,0x22,0x1f,0x10,0xbe,0x0c,
    0xca,0x1b,0x94,0x5b,0x90,0x10,0x00,0x2d,0xf8,0x32,0x10,0x93,0xa3,0x5b,0x4e,0x49,
    0x53,0xc4,0xda,0xf1,0xaa,0xf7,0x23,0xcf,0xd4,0x90,0x25,0x88,0xa8,0xf0,0xd8,0x26,
    0x5d,0x0c,0xdf,0xf1,0x92,0x00,0x96,0xaa,0x4b,0x3f,0x17,0x42,0x17,0x16,0x48,0xf0,
    0x28,0x7e,0x98,0x68,0x63,0xa9,0x01,0x5c,0xfd,0x14,0x04,0xf0,0x32,0x45,0x4c,0xbe,
    0xc9,0x19,0x52,0x19,0xf3,0xfa,0xa8,0x10,0x41,0x4b,0xd9,0x5d,0xfd,0x58,0xfb,0xdc,
    0xc7,0xfb,0xe4,0x1d,0x02,0x84,0xd7,0xfd,0x04,0x8d,0x96,0x3b,0x59,0x01,0xcf,0xc4,
    0x36,0xe9,0x55,0xa2,0x13,0x1d,0xa7,0x88,0xb1,0x37,0x57,0xd6,0xb2,0xcd,0x11,0x74,
    0x48,0x12,0x20,0x3e,0x4c,0x6a,0xf5,0x93,0xe1,0xbe,0x54,0x6b,0xaa,0x7c,0xc2,0x2f,
    0x04,0xc8,0x9a,0xaf,0x7e,0x13,0xbb,0x3f,0x69,0x66,0x69,0xed,0xb6,0x02,0x4b,0x80,
    0x2f,0xe9,0x77,0x19,0x2e,0x21,0xc0,0x75,0x85,0xd7,0xcf,0x78,0xa7,0x04,0x58,0xa6,
    0xf9,0x4e,0x00,0xe4,0xe8,0xb3,0x5b,0x92,0x25,0xac,0x83,0x83,0x77,0xed,0x6a,0x7d,
    0xb2,0xe9,0x5d,0xfc,0x43,0x80,0x2c,0x0a,0x4c,0x63,0x03,0xdb,0xf7,0x0f,0x8f,0xd1,
    0xb4,0xff,0x2f,0x04,0x88,0x2f,0x28,0x12,0x20,0x4d,0xb5,0xd0,0x0f,0x59,0xe5,0x8c,
    0x00,0x47,0x3c,0x84,0x32,0x79,0x48,0x14,0xb9,0xca,0xdb,0x3c,0x81,0x9c,0xe6,0xd5,
    0x1a,0xdc,0x52,0x3a,0xf8,0x89,0x00,0x59,0x82,0xc9,0x5d,0xaf,0x2e,0xdc,0x75,0x25,
    0x39,0xf3,0xe6,0xe9,0x8d,0xd3,0x07,0x55,0xd1,0x6e,0x3f,0xa8,0x09,0xd0,0x5d,0x13,
    0x08,0xb0,0x47,0x3d,0x7e,0x87,0xbd,0x97,0xea,0x99,0x00,0xae,0x79,0x85,0x3d,0x3c,
    0x4e,0x0d,0xbf,0x67,0x0a,0x15,0xf5,0x28,0x6e,0x2b,0xe3,0x5d,0xfe,0x22,0xc0,0x6d,
    0x0f,0x25,0x01,0xc6,0xf0,0x4a,0x1e,0x7d,0xc7,0x60,0x5b,0x35,0x53,0xa1,0xc1,0xf3,
    0xf6,0x5d,0x49,0x51,0xa6,0x8a,0x8d,0x3b,0xf2,0xd3,0xe8,0xf2,0x1a,0xe0,0x36,0x21,
    0xc0,0xe9,0xee,0x94,0x96,0x2f,0x2d,0xf6,0xf8,0xb6,0x19,0xcf,0xd5,0x83,0xc6,0xfa,
    0xdf,0x20,0x80,0x2b,0xfe,0xe0,0xdc,0x5e,0x61,0xd0,0x32,0xff,0x93,0x04,0x00,0x00,
    0x01,0x00,0x00,0x00,0x00,0xf0,0x3f,0x86,0xc8,0xde,0xd3,0x77,0x5c,0x48,0x4e,0xb9,
    0x7c,0xe4,0xdf,0x95,0xd3,0x5e,0xe8,0x54,0xce,0xc6,0xb0,0x52,0x75,0xe4,0xd2,0x83,
    0xd7,0x32,0x92,0xce,0x6d,0x98,0x7c,0xaf,0x60,0x17,0x0c,0x28,0xd3,0xf6,0x99,0xf7,
    0x17,0x6f,0xda,0x73,0xfc,0x4a,0x72,0x7a,0xc2,0xd9,0xbd,0x8b,0xdf,0x7d,0x28,0x42,
    0x79,0x9d,0x62,0xfd,0x66,0xfd,0x7d,0x31,0x29,0x23,0xe1,0xd4,0xda,0xa9,0xbd,0x25,
    0x66,0x98,0xc0,0xbb,0xde,0xfa,0x61,0xd7,0xd9,0x84,0x8c,0xa4,0x4b,0x47,0xfe,0x98,
    0xd4,0x53,0x6e,0xe6,0xac,0x3c,0x70,0xde,0xae,0x33,0x49,0xa9,0xb1,0xff,0xce,0xee,
    0x63,0x67,0x07,0x8d,0xe9,0xf6,0xe1,0xef,0xff,0xc5,0x25,0x67,0x24,0x9c,0xde,0xfe,
    0xed,0xe8,0x56,0x8a,0x98,0xa4,0xd0,0xf6,0xaf,0x2d,0xd8,0x76,0xfe,0x7a,0x46,0x4a,
    0xec,0xa9,0x9d,0x8b,0xde,0xef,0x57,0x43,0x75,0x31,0xbc,0x01,0xc9,0x85,0x7f,0x7e,
    0x18,0xd9,0x44,0xdd,0x4e,0x65,0x9e,0xf9,0x72,0xdb,0x89,0xab,0x19,0x49,0xf1,0x67,
    0xfe,0x59,0x3a,0x65,0x68,0x47,0x5e,0x3f,0x2c,0xf5,0xb9,0xf1,0x04,0x94,0x11,0x93,
    0xcb,0x92,0x11,0xd4,0x71,0xc6,0xee,0x2b,0xc9,0xa7,0xfe,0xfe,0xa0,0xa9,0xcf,0xdd,
    0x1f,0xf1,0x01,0xab,0xcb,0x57,0x2b,0x56,0x9b,0xd3,0xea,0x91,0xf3,0xc3,0x38,0xc5,
    0xc0,0xbd,0xa2,0x6a,0x7c,0x81,0x3c,0x6b,0x41,0xf3,0x65,0x8c,0x25,0x65,0xdb,0x20,
    0xd6,0xcf,0x27,0x6a,0x1c,0x9b,0xea,0x3f,0xf5,0x67,0xd1,0xd7,0xf1,0xae,0x5f,0x28,
    0x6f,0x8f,0xe4,0x69,0x25,0xe4,0x0f,0x1c,0xf4,0xe8,0x4a,0x36,0x6b,0xfc,0xb5,0x85,
    0xf7,0x89,0xe1,0x73,0x6d,0xbf,0xbf,0xce,0x3d,0xf8,0xe5,0x45,0xdd,0x25,0xe4,0xad,
    0xf5,0x15,0xbb,0x01,0xc9,0xd9,0x71,0xf2,0x24,0x3f,0x77,0x2e,0xe5,0x0d,0x45,0xe7,
    0x7e,0xea,0x93,0x43,0x04,0x68,0xba,0x8b,0x34,0x63,0x13,0x15,0x49,0xec,0x51,0xf3,
    0x38,0xdf,0x6f,0x0a,0x02,0x04,0x4f,0xe2,0x3c,0x6c,0x76,0xd5,0xf0,0x40,0x00,0x5d,
    0xcf,0xfc,0x54,0x74,0x20,0x28,0xf4,0xad,0x50,0x8d,0x89,0x17,0xba,0x47,0xf4,0xe5,
    0xca,0x9c,0xc4,0x76,0x5b,0xd8,0x34,0xae,0x42,0xbc,0xf4,0x8d,0xbb,0x1c,0x94,0x3c,
    0xd2,0x71,0xae,0xd7,0xee,0xda,0x2c,0x37,0xeb,0xf1,0xee,0x2d,0xc5,0x67,0x89,0x0e,
    0x46,0x49,0x63,0xc5,0x38,0x87,0x7c,0x93,0x25,0xa1,0xee,0x6c,0xb6,0x1a,0xff,0x11,
    0x60,0x30,0xed,0xf9,0x98,0x3e,0xd8,0x17,0x02,0x54,0xbb,0xa4,0x3b,0x23,0x40,0xbe,
    0xdf,0x85,0x8a,0xf1,0xcd,0x3d,0x11,0x40,0xd7,0x7f,0xe5,0x19,0x50,0xfb,0xb8,0x6e,
    0x4b,0x80,0xc7,0xa4,0x3b,0x3d,0x2c,0xa6,0xc7,0xdb,0x98,0x7f,0x85,0xe3,0x2e,0x31,
    0x32,0x3a,0x7a,0xbe,0xdc,0xdb,0x90,0xa1,0x6d,0xf8,0xe7,0x2e,0x85,0xf3,0x28,0x17,
    0xeb,0xda,0xf1,0x92,0xb4,0xd6,0x1e,0x7e,0xba,0x08,0xf9,0x4d,0x5a,0x2f,0x67,0x08,
    0x30,0x98,0xbb,0xcb,0x87,0xde,0x13,0x20,0x60,0xa3,0xee,0x8c,0x00,0x01,0x8b,0x24,
    0xaf,0x15,0x57,0xdd,0x23,0x01,0x78,0x27,0x9c,0x3a,0xb1,0xba,0x2d,0x01,0xca,0x5e,
    0x93,0x5f,0x86,0x72,0x47,0x0e,0x5d,0x27,0xab,0xc0,0x5b,0xd5,0xcb,0xed,0xd3,0x3d,
    0x13,0xa0,0xf8,0xdf,0x4a,0xef,0x71,0x96,0x00,0xbd,0x55,0x1b,0x90,0xc4,0x35,0x67,
    0x6f,0xfb,0x8d,0x7e,0xeb,0x08,0xd0,0x58,0xf5,0x50,0x5e,0x10,0xe0,0x3e,0xdd,0x21,
    0x01,0x5e,0x90,0xde,0x68,0x67,0xa8,0x47,0x02,0xa4,0x30,0x22,0x5a,0xb1,0xb3,0xba,
    0x3d,0x01,0xbe,0x56,0xbc,0xd2,0x35,0x32,0xd8,0x4e,0x96,0x8f,0xd9,0x6c,0x82,0x94,
    0x52,0x27,0x74,0xcf,0x04,0x28,0x7a,0x40,0x77,0x46,0x80,0xae,0xea,0x0d,0x48,0x12,
    0x6a,0xd3,0x15,0x9b,0xe9,0xb7,0x8e,0x00,0xa1,0xff,0xe9,0xd9,0x27,0x00,0x26,0xec,
    0x1f,0x77,0x17,0x0d,0x29,0x7a,0x47,0xff,0x59,0x57,0xe4,0x04,0x28,0x85,0x02,0x2b,
    0x5d,0xd3,0xea,0x45,0x94,0x7a,0x1a,0x67,0x7b,0x19,0xcd,0x10,0xe0,0xfa,0xb2,0x91,
    0xf7,0x56,0x2c,0x18,0x5c,0xa0,0xee,0xe0,0xdd,0x8a,0x4f,0x73,0x05,0x91,0x59,0x86,
    0xd5,0x2f,0x12,0x1c,0x53,0xe3,0x09,0xb7,0x2f,0x15,0x21,0x40,0x08,0x8e,0xed,0x3f,
    0x37,0xa0,0x5c,0x48,0x74,0x3b,0x32,0xa0,0x76,0x45,0x55,0x2a,0x22,0xcb,0xa3,0xeb,
    0xcb,0x46,0x11,0x05,0x5a,0xa2,0x3c,0x91,0xfa,0x2f,0xcc,0x84,0xb5,0x8b,0xfa,0x48,
    0x67,0x74,0xa9,0x16,0x15,0x56,0xaa,0xee,0x53,0x53,0x0e,0xb0,0x04,0x08,0xdd,0x4a,
    0x89,0x19,0x7f,0x8e,0x6c,0x5a,0x2e,0x3c,0xbc,0x54,0xad,0x87,0xc7,0xfe,0x7a,0x83,
    0x27,0x40,0x6d,0x12,0x56,0x24,0x6e,0x40,0x72,0xbc,0x00,0x55,0x13,0xcf,0x93,0x7b,
    0x86,0xde,0x51,0x28,0x24,0xb2,0x5c,0xd3,0xe7,0xbe,0x3d,0x93,0x53,0x04,0x78,0x9a,
    0xf8,0xba,0x3f,0x51,0x3c,0xac,0xd2,0x88,0x38,0x5f,0x08,0x80,0x86,0xc0,0xbf,0xd1,
    0x02,0x29,0xb0,0xd3,0x92,0xb6,0x92,0x7a,0x5f,0xb0,0x79,0xb6,0x4b,0x9f,0x46,0xc1,
    0x7e,0x44,0x80,0xef,0xb0,0xac,0x33,0x19,0x0f,0x02,0x71,0xb6,0x46,0x26,0xa4,0xb7,
    0x27,0xfe,0xa0,0xa9,0x47,0xac,0x37,0x95,0x4c,0x13,0xd5,0x71,0x36,0x5f,0x6b,0xed,
    0x84,0x63,0xfd,0x27,0x08,0x63,0x84,0xb5,0x89,0x02,0x4a,0x24,0xcd,0xc4,0x25,0x10,
    0x29,0x31,0x73,0x0a,0xe5,0xa6,0xd1,0x7c,0x7a,0x2a,0x45,0x00,0x6a,0x28,0x59,0x4e,
    0x2f,0x34,0xc2,0x1f,0xfe,0x2e,0x85,0x26,0x40,0xd0,0x4e,0x5c,0x4f,0xb6,0x01,0x09,
    0x15,0x6b,0x9c,0x1f,0x91,0x73,0x1a,0x91,0x5a,0x03,0x5a,0x4e,0x8e,0xcb,0x11,0x02,
    0x60,0x49,0x68,0x85,0x69,0xbc,0x29,0x77,0xda,0x07,0x02,0xa0,0xf4,0x4b,0x1e,0x92,
    0xd7,0xc7,0xa0,0x01,0x00,0xe5,0xc9,0x7e,0xdc,0x2e,0x54,0xc8,0xc0,0x5a,0x89,0x1b,
    0x50,0x30,0xba,0x5d,0xa2,0x2a,0x88,0xad,0x2d,0x9f,0xdc,0xa3,0x1c,0x2a,0x40,0xd9,
    0x54,0x02,0x2e,0xa0,0x45,0x88,0x25,0x17,0xe6,0x43,0x8b,0xc6,0x05,0xe4,0x32,0x4d,
    0xb0,0x68,0x97,0xc1,0xed,0x31,0x52,0x71,0x3e,0x8e,0x38,0x69,0x48,0xc6,0xf5,0xb7,
    0xf8,0xe7,0x28,0x3e,0xfe,0x6d,0xf2,0x03,0xa7,0x37,0x91,0x6f,0x40,0x92,0x49,0x4c,
    0xa5,0x28,0x8e,0xfd,0x7c,0x08,0xbb,0xd2,0x1e,0x3a,0xc7,0xff,0x04,0xc0,0x39,0x76,
    0xb1,0xa7,0xf0,0xdd,0x3e,0x10,0x00,0x8d,0x94,0xdf,0xd9,0x57,0x1b,0xc4,0x5f,0x39,
    0x08,0x79,0x43,0xed,0x50,0x9d,0xd2,0x1f,0x9d,0xb2,0x9a,0x94,0x3d,0xa1,0xab,0xe2,
    0x3b,0x10,0x70,0x3a,0xe7,0x8e,0xa8,0x04,0xdd,0xe8,0x5b,0xeb,0x77,0x03,0x41,0xba,
    0x44,0xa3,0x53,0x2a,0x71,0x38,0x21,0x0a,0x8b,0xfe,0xea,0x97,0xfa,0x43,0x57,0x7b,
    0x8b,0x33,0x6a,0x29,0x2c,0x4e,0x28,0x36,0x20,0x59,0x20,0x88,0xe5,0xf6,0xf9,0xdf,
    0x68,0x02,0x94,0x7c,0xee,0xf7,0x83,0x09,0x37,0x0f,0x2f,0xef,0x2b,0xd1,0x66,0x05,
    0xde,0xfd,0xf5,0xae,0x2b,0xc9,0x27,0xb7,0xbc,0xd7,0x48,0x46,0x00,0xbc,0x2f,0x0e,
    0xd9,0x2c,0x65,0x93,0xf7,0x04,0x40,0x6b,0xf2,0x94,0x0a,0xb6,0xd5,0xd0,0xd4,0x96,
    0x8e,0xf5,0x23,0xb3,0x74,0x3e,0x8d,0x07,0x87,0xfb,0xc5,0xe6,0xc1,0x4d,0xae,0x76,
    0xe2,0xac,0x29,0x8c,0xe7,0x57,0x38,0x41,0xb1,0xbb,0x10,0xa4,0x84,0xd9,0x89,0xb3,
    0x05,0xd7,0x25,0xab,0x50,0xf5,0x3b,0xd5,0xc6,0x95,0x56,0xdb,0x3b,0x95,0x3f,0xa0,
    0x70,0x8a,0xc6,0xae,0x90,0x69,0x58,0x0f,0x35,0xc6,0x4b,0x02,0x14,0xfc,0x0a,0xeb,
    0x8c,0x12,0x04,0xaa,0xd6,0x23,0x01,0xed,0x9b,0x1b,0x8a,0x04,0xc0,0x53,0x21,0x09,
    0x76,0x1c,0xe9,0x3d,0x01,0x1e,0x42,0xa7,0xac,0xb3,0x4b,0xf4,0x17,0x84,0x54,0x65,
    0xfb,0xc4,0x55,0x81,0x6a,0xab,0xa8,0x01,0x62,0xa6,0xa6,0xa8,0x74,0x0f,0xe7,0x64,
    0x0d,0xf0,0xb1,0xdc,0x59,0xe5,0xd1,0x65,0x3a,0xf3,0x37,0xc6,0xba,0xcf,0x47,0x85,
    0xc9,0x78,0x22,0x56,0x0f,0xd8,0x38,0xea,0x11,0x29,0xa5,0xb6,0x7d,0x1b,0xcd,0xc6,
    0x3e,0x8d,0x6c,0x39,0xd9,0x80,0xe4,0x59,0x9e,0x13,0x71,0x51,0x8e,0x08,0x50,0xf7,
    0x14,0x2d,0xba,0x2f,0x64,0xbb,0xe0,0x29,0x7a,0x3f,0xce,0xb4,0x01,0x02,0x01,0x50,
    0x54,0x7e,0x7a,0xa8,0x38,0x7e,0x7a,0xa1,0x07,0xc0,0x33,0xd9,0x17,0x36,0xb5,0xd0,
    0xa6,0x5f,0x54,0x8c,0x03,0x9e,0x6f,0xa6,0x29,0xce,0x59,0x83,0x2a,0x90,0x90,0x95,
    0x2e,0xa8,0x5b,0x8a,0xaa,0x6f,0xf5,0x11,0x12,0x02,0x4b,0xb2,0x42,0x20,0x8e,0x07,
    0x78,0x4b,0x20,0x40,0x37,0x21,0x27,0xd4,0x61,0x75,0xb6,0x60,0x82,0x43,0xa8,0x92,
    0xa7,0xd0,0x1c,0xac,0x02,0x52,0x6e,0x40,0x82,0xe3,0x65,0x70,0xe6,0xc6,0xbf,0x2a,
    0x3a,0x20,0xc0,0x57,0x5c,0xe4,0xda,0xf7,0xb4,0xbe,0xf3,0x71,0x4e,0x9f,0xfc,0x3e,
    0xdf,0xb9,0x28,0x3f,0xc9,0x25,0xc9,0xa0,0xe6,0x85,0x26,0xb0,0xb9,0x2e,0x59,0xd1,
    0xf1,0xe8,0x2e,0xe6,0xd6,0xc0,0xe2,0xba,0x7c,0xe3,0xc2,0xc0,0xf1,0x62,0x46,0x36,
    0xfc,0x7d,0x1c,0xd0,0xb4,0x16,0x1f,0x6e,0x3a,0x9f,0x72,0xfd,0xc4,0x86,0x09,0x6d,
    0xb9,0xe1,0xb7,0x10,0x4a,0x2c,0x7f,0xa6,0x7f,0x99,0xe0,0xa8,0xbb,0x97,0x0b,0xaf,
    0x34,0x5c,0xc8,0xf6,0x8a,0xa7,0x80,0x54,0xeb,0x5b,0x28,0xa6,0xd4,0x0e,0x51,0x28,
    0xaa,0xeb,0x92,0x28,0x48,0x09,0x1c,0x6c,0x40,0x72,0x41,0x18,0x50,0xf5,0xf4,0xa5,
    0xfd,0x2a,0x79,0x22,0x80,0x00,0x2a,0xbf,0x6c,0xd5,0x24,0x4f,0x6b,0x7c,0x94,0x79,
    0xf1,0x04,0x39,0xa9,0xbc,0xf7,0x04,0xa8,0x44,0x54,0x61,0xae,0x9e,0xca,0x5a,0xaf,
    0x8b,0x24,0x89,0x51,0xe6,0x63,0xd5,0x42,0x0a,0x35,0x19,0xb1,0x07,0x0f,0x9b,0x54,
    0xc6,0x04,0x14,0x45,0xfa,0x4b,0x4b,0x6a,0xbb,0xf1,0x3d,0xdc,0xc3,0x36,0x88,0xb5,
    0xd7,0x27,0xf6,0x14,0x8a,0xc8,0x92,0xaf,0x3c,0xaf,0xdd,0xb2,0xc9,0xbe,0x70,0xaf,
    0x5c,0x37,0x2c,0xc2,0xc9,0x06,0x24,0x68,0xb7,0xd8,0x18,0x46,0x61,0x74,0x79,0xf9,
    0x98,0x4e,0x91,0xde,0x10,0x20,0x09,0xcf,0x58,0x01,0xeb,0x3d,0x2a,0x79,0x90,0x0d,
    0xe3,0x22,0x65,0xae,0xf2,0x9a,0x00,0x1d,0x68,0xfb,0x56,0x6a,0x3b,0xfe,0xeb,0x40,
    0x8b,0xb5,0xcf,0x04,0x31,0x8b,0x44,0x11,0xa7,0x4a,0xf5,0x0a,0x58,0xb4,0xa0,0x83,
    0x39,0xd1,0x74,0x73,0x91,0xd5,0xab,0xcd,0x61,0x93,0x2d,0x94,0x11,0x8d,0x0e,0xa7,
    0x3b,0x53,0xba,0x64,0x9d,0x8d,0x5d,0xd2,0xc2,0x2e,0xe0,0x7a,0xd6,0x7a,0xec,0x79,
    0xac,0x6d,0xb0,0x91,0xee,0x70,0xa5,0x04,0x0f,0x71,0x85,0x5e,0x6d,0x40,0xb2,0x54,
    0x08,0x48,0xdf,0x3c,0xba,0xb4,0x0d,0x01,0x66,0x36,0xcf,0x5f,0xa0,0xd9,0x4c,0xfc,
    0x73,0xae,0x28,0x78,0xee,0x55,0x29,0x79,0xd0,0xe0,0x98,0x1a,0xec,0xbb,0x0c,0xd0,
    0x9d,0x55,0x26,0x27,0xa0,0x0e,0xaf,0x6f,0x8d,0x09,0x48,0xe6,0x9f,0x27,0x19,0x52,
    0xf1,0x5b,0xe4,0x57,0x12,0x20,0x73,0x7d,0x37,0xa6,0x71,0x2f,0xab,0xf4,0xa4,0x9c,
    0x17,0x6a,0xcb,0xef,0x18,0x0b,0xcd,0xce,0x7e,0x8c,0xe1,0x19,0xab,0x3b,0x86,0xb2,
    0x52,0x43,0x16,0x2c,0x87,0xff,0x77,0x75,0x32,0xd7,0x28,0xf1,0x1e,0x5e,0xdb,0x79,
    0x68,0x24,0x27,0x1b,0x90,0x3c,0x84,0xd5,0xf3,0x92,0x90,0xc1,0xcc,0xa5,0x75,0x15,
    0x04,0x70,0x59,0xd2,0x70,0x5f,0xac,0x37,0x47,0xa1,0x33,0xd8,0x1d,0xff,0x4f,0xf3,
    0xdd,0xcb,0x9f,0x13,0x08,0xf0,0x95,0x28,0xc3,0xbe,0xe4,0x25,0x01,0xee,0xe7,0x8d,
    0x09,0x67,0xad,0x64,0x05,0x9d,0xb9,0x94,0x4e,0x8b,0x25,0xeb,0xf7,0x44,0x69,0x7e,
    0x48,0x86,0x00,0x27,0xdf,0x62,0xf3,0x07,0xa7,0xaa,0x46,0xb5,0x79,0x4c,0xb5,0x92,
    0x93,0x58,0xa6,0xa4,0xfd,0xc2,0x04,0xdd,0xe3,0xee,0x75,0x4d,0x6b,0x18,0x1e,0xd9,
    0xfc,0x07,0xaa,0xa6,0x15,0x88,0x8f,0x37,0x0c,0xf8,0xdb,0xe6,0xe5,0x25,0x95,0xd8,
    0x64,0x25,0x47,0xf9,0x8a,0x36,0x1b,0x90,0x90,0xd9,0x73,0x94,0xec,0xfd,0x32,0x3f,
    0x0c,0x92,0x12,0x60,0xa6,0xc6,0x7f,0x61,0x96,0x5e,0xad,0x18,0x1a,0x23,0xaf,0x15,
    0x11,0x8c,0x36,0xdd,0x78,0x4d,0xf0,0x28,0x7c,0xe1,0x8d,0xde,0x11,0xa0,0x1c,0x12,
    0x42,0x6f,0xe0,0x01,0x66,0x6f,0x34,0x2d,0xad,0xad,0x13,0x06,0x36,0xea,0xc2,0xf8,
    0x9c,0x92,0x36,0x53,0x40,0xea,0x64,0xca,0x60,0x1e,0xa0,0xb6,0xbc,0x3c,0x48,0x9b,
    0x9d,0x24,0xe2,0xcf,0xcf,0x54,0x08,0x75,0xcc,0x55,0xe5,0x65,0x1e,0xe2,0x56,0xc8,
    0x2b,0x6d,0xde,0x5e,0x52,0x49,0x4e,0x00,0x9b,0xab,0x5d,0x91,0xc8,0x91,0xaf,0x48,
    0xed,0xcb,0x4b,0x03,0x65,0x04,0xa8,0x22,0xcc,0x6b,0x0b,0x38,0xb9,0xe3,0x63,0x41,
    0x65,0x87,0xfb,0x00,0xe7,0xc4,0x3e,0x89,0xda,0xb8,0xb5,0x97,0x9a,0xc0,0x9f,0xad,
    0xda,0xb1,0x4d,0x5a,0xe2,0x04,0x00,0x6b,0x42,0x29,0x35,0x2e,0xbe,0x3b,0xb6,0xac,
    0x53,0x7b,0xd5,0xe3,0x6e,0x28,0x60,0x27,0x03,0xe8,0x3b,0xa9,0x78,0x30,0x6a,0x78,
    0xdc,0xd7,0xad,0x68,0x68,0xf9,0xa1,0x58,0xde,0xa3,0x22,0x3e,0xbf,0x94,0x76,0xed,
    0x11,0xca,0xe7,0xe7,0x29,0x25,0x01,0xee,0xe1,0xbe,0xd9,0x2d,0x4e,0x46,0x80,0x2d,
    0x7e,0x1d,0x01,0x34,0xad,0xcd,0x2e,0xd9,0xa3,0x8d,0x93,0x10,0x80,0x9a,0x53,0x8e,
    0xb2,0x22,0xf5,0xfb,0xe2,0xc2,0xe3,0x6d,0xa1,0x73,0xf1,0x5e,0x52,0x73,0xcc,0xd6,
    0x2b,0x73,0xd2,0x3b,0x02,0x20,0x9d,0xaa,0x2b,0xab,0xd9,0x1e,0xc1,0x62,0xd9,0xfc,
    0xac,0x8b,0x95,0xb5,0x7e,0xb5,0x13,0x3a,0xe5,0x49,0xf1,0xe5,0x33,0x03,0x6c,0x09,
    0xa0,0x6f,0x25,0x32,0x0a,0x59,0xf6,0xee,0x34,0x05,0x87,0x9a,0xd8,0x17,0xab,0x81,
    0xb0,0x92,0x3e,0xdc,0xaf,0x5c,0x48,0x74,0x1b,0x4c,0xbd,0x6d,0xd4,0x20,0xfa,0x8e,
    0x8a,0x00,0x2d,0xb8,0xe9,0xdd,0x91,0x0c,0x70,0xc0,0x03,0x01,0xbc,0x92,0x01,0x8c,
    0x25,0xf0,0x43,0xbf,0x89,0xd6,0xe3,0xe4,0x12,0x22,0x01,0xa8,0x64,0xf1,0x28,0xdf,
    0xad,0x6e,0x0a,0xc4,0x3f,0xa1,0x9f,0x51,0xa2,0xca,0x0e,0x77,0x2e,0x49,0x85,0xb7,
    0xa9,0x4b,0x91,0xd0,0x8a,0xc3,0x62,0xbd,0xb4,0x06,0x7e,0x44,0x8f,0x3a,0x43,0x88,
    0x57,0x09,0xca,0x3f,0xa7,0x27,0x62,0x8b,0xc6,0x07,0xe2,0x2a,0x20,0x00,0x8d,0x74,
    0x09,0xa2,0xef,0x50,0xd1,0x66,0xcf,0xaf,0x21,0x0f,0x43,0xa6,0x28,0xc2,0xd0,0xbb,
    0x79,0x5a,0xa3,0x64,0x69,0x25,0x10,0xaf,0x36,0x15,0xe0,0x64,0x70,0xda,0x45,0x6b,
    0x10,0xbb,0x90,0x3a,0xc5,0x2d,0x03,0x87,0x38,0x11,0xf0,0x71,0xa5,0xab,0x1e,0x08,
    0x80,0x15,0x0f,0xe7,0xd4,0xab,0x00,0xde,0x23,0x33,0xa6,0xdb,0x97,0xfb,0xb9,0xa9,
    0xe0,0x0d,0x91,0x00,0x54,0xba,0x0c,0xac,0xbb,0x2c,0xc5,0x58,0xd2,0xe2,0x48,0x8d,
    0xfa,0xa2,0x3f,0xc0,0xbe,0xec,0xf9,0x03,0xec,0x64,0xd2,0xeb,0x90,0x9d,0x9b,0x86,
    0x94,0xb3,0x76,0xf2,0x5b,0x88,0xab,0xbe,0x2a,0x76,0x26,0xce,0x25,0x74,0x52,0x61,
    0xd6,0xc3,0x8e,0x9d,0xc4,0x32,0x86,0xb5,0x8e,0x97,0x03,0x78,0xd5,0xff,0x0f,0x9c,
    0xc6,0x21,0xa3,0x22,0xaf,0x51,0x64,0x52,0x6a,0xd6,0xfb,0x99,0x34,0xef,0xd9,0x67,
    0x90,0x59,0x24,0x2d,0x84,0x33,0x43,0xe8,0xd5,0x6c,0x24,0x60,0x5d,0x98,0x89,0xe5,
    0x04,0x20,0xb9,0xc7,0xf9,0x5d,0x99,0xc8,0x06,0x24,0x32,0xa7,0xd4,0x98,0x07,0x27,
    0xd2,0x3d,0xb4,0x46,0x24,0x00,0xe5,0xc6,0xf6,0x16,0x2b,0xd2,0x4b,0xb6,0xe2,0xab,
    0x24,0x76,0xee,0x1d,0xd9,0xf2,0x08,0x0a,0x4a,0x63,0x84,0xb8,0x00,0x3c,0xd8,0x66,
    0xee,0x11,0x12,0x2f,0xe1,0x36,0x20,0x59,0xd0,0xb0,0x31,0x52,0x95,0xf6,0xa7,0x51,
    0xba,0x90,0x6d,0x68,0xa9,0xa0,0x7c,0x0d,0x4c,0xe6,0x9a,0x67,0xa3,0x20,0x70,0xf5,
    0xe6,0x3e,0x6f,0xa4,0x89,0x7c,0xf1,0xd7,0xc3,0xf1,0xe9,0xb1,0x7b,0xa7,0x3f,0x1a,
    0x8c,0xd7,0x05,0x7b,0x84,0x2f,0x53,0x6d,0x74,0xa0,0x2a,0x71,0x7b,0x77,0x2d,0xe1,
    0x08,0x80,0x5b,0x5e,0xc8,0x86,0x2d,0xd9,0x8a,0x98,0x43,0x9d,0xef,0x88,0x5b,0x8a,
    0x48,0x00,0x2a,0xef,0xe9,0x18,0x8f,0x04,0xa8,0x2c,0xe9,0xdc,0x41,0xdc,0x28,0xf3,
    0x81,0x37,0x04,0x40,0xfb,0xf1,0xea,0xd6,0x22,0x3b,0x74,0x2d,0xc7,0xa2,0xbd,0x01,
    0xa2,0x8a,0x91,0x58,0xf6,0x3a,0xa8,0x14,0xe4,0x18,0xcb,0xb8,0x64,0x23,0xd4,0x80,
    0x4f,0x2e,0x73,0x81,0xb3,0x2a,0x5f,0x27,0x13,0x11,0x3f,0xf4,0x3d,0xa4,0x7c,0x15,
    0xc4,0x1a,0x9c,0x8f,0xef,0x08,0x76,0x95,0xb0,0x69,0x80,0x23,0x0a,0x8b,0x21,0x4f,
    0x00,0xa2,0xbe,0x98,0xa0,0xb2,0x27,0xdb,0x64,0x3e,0xc1,0xb9,0x1c,0x5d,0x81,0xfe,
    0x9e,0x02,0x34,0x2e,0x1f,0x6a,0xfa,0xa0,0xb2,0x82,0xfb,0x94,0x0d,0x50,0xf6,0x56,
    0x1d,0xad,0xd5,0xa3,0xd9,0x6d,0x7d,0x74,0x4a,0xfb,0x86,0xc5,0xb7,0xdd,0xe2,0x14,
    0xfa,0x98,0xea,0x06,0x98,0xd4,0x78,0xfb,0x94,0xce,0xa2,0x4d,0xe9,0x02,0xeb,0x34,
    0x10,0x26,0xce,0x98,0x28,0xc7,0xa4,0xde,0x4f,0x75,0xa3,0xc2,0x19,0x5c,0x56,0x0b,
    0xa2,0x1b,0x72,0x55,0xf6,0x2c,0x03,0xe9,0x99,0x15,0xec,0x09,0x30,0x07,0xcb,0xa5,
    0xdc,0x27,0x94,0x2e,0x93,0x4f,0x78,0x6b,0xdb,0x31,0x56,0xbc,0xf3,0xa3,0x10,0xe8,
    0x06,0x1d,0x17,0xd0,0x98,0x18,0xed,0xda,0x38,0xb1,0x03,0xa6,0xf3,0xda,0xbd,0x32,
    0x8c,0xc3,0x26,0x93,0x11,0x0e,0x29,0xa6,0xd2,0x23,0x79,0x47,0x02,0x97,0x72,0xaf,
    0xa8,0x37,0xd1,0x95,0x26,0xa2,0x92,0x12,0x2e,0xe5,0x14,0x60,0x6d,0xf8,0x13,0x8a,
    0x07,0x33,0xd1,0x12,0xa9,0xb4,0xd9,0xa0,0xf9,0x33,0x39,0x5a,0xf8,0x5a,0x58,0x47,
    0x41,0x16,0xa4,0xd2,0x22,0x7b,0x02,0x78,0xf4,0x07,0x48,0xb7,0xdb,0x05,0x1a,0x79,
    0x53,0x27,0xdb,0x2e,0x03,0x8f,0xf8,0xb0,0x0c,0x34,0x67,0xf2,0x4e,0xdf,0xec,0x8d,
    0x4b,0x39,0xfd,0xf7,0x87,0xcd,0x68,0xc3,0x78,0x4d,0x27,0x42,0x20,0x92,0x9d,0x49,
    0x56,0xee,0xba,0x94,0x4b,0xf6,0x05,0x46,0xae,0xe9,0xc1,0x37,0x41,0x10,0xb2,0x91,
    0xae,0xf3,0xa8,0x66,0xa0,0x64,0x9d,0x75,0x4a,0x21,0xf0,0x6d,0xab,0x20,0x41,0x18,
    0xbb,0x7b,0x71,0x6a,0x3e,0x01,0xa5,0xe3,0x45,0x7d,0xe2,0x1a,0x27,0x1e,0x41,0x6b,
    0xe4,0x46,0x43,0x81,0x00,0x81,0x27,0xe5,0x1e,0x41,0x58,0x0b,0x40,0xa4,0xe5,0x3b,
    0xbf,0x16,0x12,0xbf,0x22,0xb7,0xd6,0xb3,0x12,0x45,0x50,0x65,0x8f,0x8a,0xa0,0x8f,
    0x04,0x99,0xdd,0x6e,0x7e,0x47,0x5f,0x65,0x46,0x94,0x13,0x02,0x60,0x87,0x60,0x92,
    0x69,0xbf,0x1d,0xf1,0x41,0x60,0x07,0x91,0x70,0xd4,0x31,0xeb,0xf9,0x6e,0xc1,0xdf,
    0xe5,0xac,0xc7,0xd9,0x35,0x57,0xfd,0x34,0x71,0x92,0xe8,0xa3,0x5c,0x06,0xa2,0x64,
    0xef,0xfb,0xd1,0x47,0x85,0x1d,0x8d,0x56,0x09,0xaa,0x02,0x16,0x91,0x9b,0x24,0x15,
    0x9a,0x11,0x9f,0x40,0x4e,0xc4,0xab,0x38,0xb7,0x9a,0x58,0x29,0xbd,0x97,0x1d,0x01,
    0xe4,0x3e,0x81,0x64,0x03,0x92,0xcc,0xfa,0x64,0xed,0xa3,0x27,0x4f,0x64,0x87,0x03,
    0x9c,0x43,0xef,0x4f,0x3b,0x55,0xf0,0x5c,0x95,0x2a,0x38,0xa1,0x88,0x60,0xbc,0xa4,
    0x08,0xf0,0x0e,0x3b,0x24,0x35,0x42,0x73,0xe1,0x5f,0x8e,0x14,0x81,0x64,0x64,0x1b,
    0x6f,0x8d,0x01,0x81,0x2f,0x12,0x6d,0xfd,0x02,0x36,0xa2,0x67,0x8a,0xce,0x38,0x32,
    0x96,0x47,0x73,0x77,0x7c,0x01,0xa2,0x02,0xda,0xfd,0x2c,0xb5,0x4e,0x6a,0x8e,0xad,
    0x17,0x69,0x44,0x8d,0x1b,0x99,0xa0,0x50,0x04,0xe1,0x0d,0xef,0xb0,0xda,0x6d,0x5d,
    0x04,0x67,0xb4,0x8b,0xc5,0x03,0x55,0xbd,0xdf,0x1e,0x24,0xca,0xa5,0xea,0x3b,0xf8,
    0x95,0x24,0x6b,0x29,0xd1,0x33,0x3f,0xa7,0xac,0xb8,0x4d,0xbe,0xa2,0xbd,0x82,0x49,
    0x25,0xd7,0x57,0x25,0x6c,0x08,0x40,0x79,0x05,0x2f,0x44,0x2f,0x43,0x6d,0x40,0x42,
    0x79,0x05,0xbb,0x7d,0x5a,0xd3,0x7f,0xa2,0xe2,0x0f,0xc3,0xb1,0x28,0xfc,0xb2,0x8d,
    0x31,0x08,0xab,0xf5,0x53,0x8b,0x72,0xa6,0x3e,0x7d,0x85,0x29,0xa3,0x97,0x3b,0x27,
    0x23,0xc0,0x6c,0x7d,0x05,0xb5,0xed,0x58,0xbb,0xcb,0x92,0x7b,0xd9,0x20,0x90,0xbc,
    0xd6,0xbe,0x01,0x15,0xc3,0xa2,0xea,0x0d,0x3f,0x44,0xcb,0x00,0x33,0x99,0x0f,0xba,
    0x30,0x56,0x7b,0x7f,0x51,0x37,0xbc,0x54,0x3f,0x2c,0x2d,0x0c,0x64,0x74,0x80,0xc9,
    0xcb,0x46,0xb7,0xae,0x90,0x3f,0x38,0xba,0x7e,0xdf,0x5f,0x5d,0x52,0xb7,0x3c,0xdc,
    0x9d,0xfb,0x1e,0x2d,0x12,0x52,0x8e,0xa8,0x82,0x9f,0x43,0x15,0x3a,0xe1,0xd3,0x0e,
    0xf4,0x29,0x13,0x12,0xd5,0x0a,0x7f,0x1a,0xd8,0x29,0xd4,0x50,0x61,0xc6,0x7d,0xdb,
    0xbf,0x51,0xd1,0x90,0xfc,0x15,0xbb,0xcf,0xc7,0xea,0xe5,0x78,0xe6,0xcb,0x0b,0xa7,
    0x24,0xda,0xb8,0xaf,0x3b,0x57,0x29,0x10,0x56,0xa2,0x76,0xf7,0xc9,0xfb,0x58,0xf3,
    0x3f,0x5d,0xe9,0xc6,0xfc,0xde,0xb5,0x8b,0x06,0xc7,0x54,0xb9,0xf7,0xa3,0x4b,0x02,
    0x01,0xb4,0xda,0x64,0x2b,0x8b,0x4b,0x1f,0x36,0x2f,0xce,0x6e,0x40,0x42,0xc7,0x05,
    0x58,0x4e,0xcd,0x71,0x4b,0x5e,0x6c,0x55,0xb5,0x60,0x50,0xc1,0xc6,0xa3,0xb1,0x8e,
    0xca,0x55,0x43,0x6e,0x0e,0x6e,0x96,0x3f,0x7f,0xd3,0x6f,0x44,0xab,0xd8,0x83,0xc4,
    0x5f,0xe2,0xf1,0x62,0xa1,0x15,0x87,0xcb,0x7d,0xfe,0xdd,0xce,0x6a,0x7b,0x26,0xb4,
    0x2f,0x1f,0x1e,0x5a,0xb8,0xc9,0xb3,0xab,0x71,0x8d,0x58,0x87,0xf9,0x0a,0x5b,0xe9,
    0xb6,0x60,0x77,0x34,0xeb,0x2b,0xad,0xb3,0x39,0xc0,0x46,0x09,0x6c,0x91,0x9a,0xb6,
    0x85,0x06,0xca,0x23,0x31,0x0f,0x62,0x5d,0x51,0x80,0xea,0x32,0xe9,0xb5,0x04,0x1d,
    0x36,0x03,0x17,0x27,0x22,0x94,0x39,0xe5,0x20,0x32,0x48,0x5d,0x89,0x25,0x80,0xd6,
    0xcd,0xe5,0x2c,0x32,0xa8,0xad,0xee,0xc4,0xe0,0xa9,0x74,0x08,0x49,0xc6,0xd3,0x53,
    0xc0,0x06,0x27,0x5a,0xbe,0xd9,0xf2,0x1a,0x8e,0x77,0x0e,0x7a,0xd1,0x9e,0x01,0xcc,
    0x0a,0xdf,0x63,0x6c,0xa0,0xaa,0xe7,0x46,0xb1,0xfa,0x9b,0x78,0x0f,0x97,0x69,0x96,
    0x26,0xbf,0xcc,0x24,0xcd,0x9e,0x00,0xc2,0x4a,0xac,0xc2,0x01,0xcf,0x04,0x50,0x57,
    0xe2,0x08,0xa0,0x8e,0x0d,0x64,0x03,0x64,0x95,0x04,0x88,0xaf,0x28,0x21,0xc0,0xfc,
    0x74,0x75,0x5b,0x55,0x4f,0xf6,0x99,0x00,0x73,0x9c,0x6f,0x20,0xfb,0x86,0x8c,0xd8,
    0x64,0x65,0xc9,0xec,0x66,0x92,0xef,0x0f,0xf1,0xad,0x5a,0x68,0x9e,0x08,0xe0,0x1a,
    0xc9,0xdd,0xf2,0x4e,0xd1,0x98,0x7b,0xf5,0x4e,0xba,0x42,0x37,0x69,0x53,0xd3,0x22,
    0x89,0x84,0x00,0x29,0x12,0xe7,0xbf,0x82,0x0b,0x3c,0x13,0x40,0x59,0x49,0xf0,0x01,
    0xee,0x24,0x8f,0x0e,0xde,0xcb,0xfa,0x93,0xa9,0x08,0x70,0xb3,0xa5,0xcc,0x1f,0x60,
    0x08,0x17,0xdd,0xbb,0x90,0x96,0xbb,0x7a,0x70,0x06,0xa5,0x0f,0x9d,0x12,0xe0,0x5b,
    0x6f,0x36,0x10,0xbe,0xf7,0x3c,0x7f,0xfa,0xe1,0x7b,0x89,0x56,0x8a,0xdd,0xcb,0x20,
    0x84,0x0f,0x7c,0xdf,0x5d,0x43,0xf3,0x44,0x80,0x7d,0xf7,0x08,0xb7,0xac,0xb5,0x87,
    0x37,0x17,0xb2,0x7a,0x18,0xad,0xd3,0x09,0xe1,0x32,0x69,0xef,0x85,0x68,0x76,0x04,
    0xd8,0x2d,0xdf,0x8f,0xb2,0xeb,0x61,0xc9,0x23,0xf1,0xf9,0x01,0xa4,0x95,0xb2,0x16,
    0xe4,0x63,0x39,0xbf,0xde,0xe2,0x73,0x24,0xf9,0x01,0xc6,0x71,0xf9,0x01,0xea,0xcb,
    0xf7,0xa9,0xd9,0xd3,0x48,0xea,0x11,0x34,0x44,0x1b,0x4e,0x5f,0x73,0x31,0x1b,0x4e,
    0xc4,0x0c,0x3a,0xe9,0xcf,0x95,0x71,0x46,0x80,0x8b,0x3d,0x34,0xaf,0x10,0xf3,0x06,
    0x43,0x81,0x75,0x4f,0x86,0xd2,0xa2,0xb8,0x8b,0xfd,0xb0,0x9a,0xaf,0xa6,0xaa,0x9e,
    0x1f,0xc1,0x66,0x08,0x29,0x39,0x64,0x1d,0xf7,0xed,0xa6,0xaf,0xea,0x2d,0xdb,0x5f,
    0x22,0xf4,0xc5,0x0b,0x54,0xa5,0xfd,0x7d,0x43,0xf8,0x0a,0x11,0xaf,0x1f,0x65,0x3f,
    0x9f,0xb9,0x6c,0xa2,0x91,0x80,0x7b,0x16,0x33,0xbe,0x45,0x7b,0xfa,0xa8,0x62,0x1a,
    0x82,0x1f,0x5f,0xc5,0xba,0x68,0x25,0x2e,0xbe,0x3f,0xd0,0x63,0x25,0xdd,0xb5,0xfb,
    0xe3,0x0e,0x92,0xcf,0xa8,0xf6,0xd7,0x5c,0x86,0x90,0xf1,0xa2,0x02,0x28,0xb0,0xe5,
    0xbb,0x5b,0x79,0xc7,0xa7,0xdd,0x43,0x43,0x34,0x05,0x01,0xb4,0x8e,0x38,0x5b,0x42,
    0xc2,0x40,0xde,0x74,0xd9,0x80,0x84,0x1f,0xee,0x68,0x26,0xcd,0x0f,0x50,0x78,0xd8,
    0x4e,0xee,0x56,0x2f,0x16,0xd4,0xbc,0x45,0x48,0xc7,0xb1,0xab,0x0e,0xc7,0xa6,0x27,
    0x9e,0xfc,0xe7,0xeb,0xbe,0x95,0x3c,0x55,0xae,0xfa,0xf2,0xb2,0xc3,0x89,0x19,0xc9,
    0x17,0x36,0x7e,0x72,0xbf,0xa4,0xd1,0x23,0xee,0x7e,0x6d,0xce,0xa6,0xd3,0x57,0xd3,
    0xd2,0xe2,0x4f,0xed,0x5e,0x3c,0xee,0x71,0xe5,0x46,0x08,0xc1,0xf7,0x7f,0xba,0xe9,
    0x62,0x4a,0xda,0xe5,0x03,0xbf,0xbf,0xda,0x42,0x6e,0xb0,0x6d,0x3e,0x72,0xee,0xce,
    0xd3,0x09,0x19,0x49,0x17,0x0f,0xfd,0xf1,0xfe,0x63,0xf9,0x25,0x8b,0xff,0xce,0x13,
    0x7f,0x3b,0x1a,0x97,0x75,0xa3,0x7d,0x3f,0xbd,0x6c,0x9f,0xc4,0xb4,0xd0,0xe3,0x1f,
    0xad,0x38,0x78,0x35,0x25,0xe3,0xda,0xd9,0x7f,0xe7,0xbd,0x7e,0x77,0x88,0x7d,0xa5,
    0xc4,0x73,0x87,0xfe,0x9a,0xf1,0x72,0x67,0x65,0xd8,0x42,0x68,0xc7,0x77,0x96,0xed,
    0x8d,0x4b,0xc9,0x4c,0xba,0xf4,0xef,0x82,0x51,0x4d,0x55,0xb6,0xe6,0xb0,0xe6,0xcf,
    0x4f,0x5e,0xb2,0xeb,0x4c,0x7c,0x6a,0x7a,0xfc,0xc9,0x7f,0x66,0x0e,0x6d,0x60,0xdf,
    0xfc,0x3d,0x16,0x1e,0x4f,0xb9,0x79,0xe4,0xb7,0xfe,0x92,0x9e,0x0b,0x6c,0x3f,0x63,
    0x77,0x6c,0xca,0x99,0xad,0x1f,0xb5,0xb4,0x49,0x47,0xd4,0xef,0xab,0xf5,0x46,0x4b,
    0x1d,0xde,0x30,0xa5,0x7f,0x6d,0x0d,0x00,0x00,0x00,0x7c,0x80,0xe7,0x20,0x55,0x4f,
    0x99,0xc8,0xdc,0xe6,0xc1,0x4f,0x64,0xe3,0x7d,0x83,0x01,0x93,0x97,0xee,0x39,0x7f,
    0x2d,0xe3,0xc6,0xb9,0x7d,0x0b,0x46,0xb7,0x14,0x2b,0x5c,0x94,0xca,0x4d,0xe3,0xa9,
    0x1a,0xd2,0x7d,0x4b,0x71,0x20,0x24,0x97,0xcc,0x47,0x2b,0xf5,0xd2,0xc2,0x83,0xb1,
    0x69,0x8c,0xe9,0xc2,0x49,0x3c,0xb6,0x58,0xc7,0xc1,0x59,0x6c,0x95,0x06,0x5c,0x7c,
    0x82,0x01,0xec,0xbb,0xd9,0x5c,0xb0,0xa4,0xd7,0xe1,0xdb,0x4f,0xd7,0xdd,0x02,0x71,
    0x19,0xfe,0x5d,0xc9,0x21,0x66,0x59,0xd6,0xe6,0xad,0xd5,0x58,0x1d,0x55,0xc1,0x97,
    0x4e,0x77,0x18,0xa4,0x5a,0x9f,0xc8,0x22,0x76,0x99,0xc8,0xa4,0x04,0xa8,0x3d,0x72,
    0x35,0xb7,0x9e,0x3d,0xf4,0x52,0x68,0x8e,0x12,0x20,0x6a,0x3a,0x2d,0xd1,0xdd,0x5a,
    0x02,0xe0,0x6d,0xb4,0xa7,0x52,0x55,0x90,0x8f,0x13,0xd9,0x41,0xde,0x0f,0x04,0x88,
    0x68,0x3f,0x76,0x3d,0xa3,0x4e,0xca,0x1e,0x01,0x6c,0x83,0x54,0xd9,0xd5,0xc8,0x60,
    0xaf,0x08,0x50,0x46,0xd6,0xb5,0xfb,0x9b,0xe7,0x20,0x01,0x62,0xf6,0x33,0x57,0xb9,
    0xc5,0x04,0x40,0x9e,0x53,0x09,0x54,0x96,0xc1,0x3d,0x6c,0x18,0x8b,0x7f,0x08,0x30,
    0x85,0x6f,0xae,0x6c,0x11,0xc0,0x36,0x48,0xb5,0xbb,0x03,0x7d,0x84,0x77,0x04,0xd0,
    0x93,0x3a,0xe4,0x1c,0x01,0x96,0xe8,0xb9,0x49,0x80,0xc0,0x63,0x82,0xef,0x02,0x32,
    0x78,0x27,0x15,0xcc,0xbb,0x04,0x10,0x30,0xd2,0x1b,0x8d,0xe4,0x84,0x19,0xe5,0x38,
    0x02,0x14,0xfd,0x78,0xba,0x2d,0x01,0xf4,0xa4,0x3a,0x39,0x45,0x80,0x46,0x7a,0xae,
    0x12,0x40,0x1b,0x21,0x44,0x1b,0x21,0x83,0x37,0x95,0x23,0x26,0xef,0x13,0x80,0x0a,
    0x52,0xdd,0xe8,0xc9,0x26,0x51,0x31,0x45,0x4f,0xfd,0xbc,0x04,0x45,0x80,0x82,0xe3,
    0xae,0xeb,0xae,0xa6,0xb6,0x04,0x60,0xed,0xd5,0xfe,0x24,0xc0,0x84,0x5c,0x26,0x40,
    0x54,0x22,0x2f,0x06,0x1e,0xe0,0x3d,0x63,0xf3,0x26,0x01,0x54,0x41,0xaa,0x5d,0x88,
    0xd2,0x5b,0x11,0xa4,0x6a,0x38,0xb3,0x25,0x4d,0x2c,0x62,0x11,0x20,0xf2,0x55,0x63,
    0x3e,0xd9,0x44,0x13,0xe0,0xd2,0x94,0x2e,0xe5,0x42,0xf3,0xd7,0x7b,0x85,0xea,0xe9,
    0xb6,0x39,0x44,0x00,0xe4,0x4c,0x99,0x31,0xa8,0x78,0xa0,0x6d,0xe7,0xe6,0x10,0x01,
    0xf0,0x6e,0xce,0xe8,0xa1,0x90,0x43,0xdb,0x7e,0xcd,0xef,0x04,0x48,0xf9,0x6b,0x5c,
    0xc7,0x97,0xfc,0x43,0x00,0x75,0x90,0x2a,0x8e,0xd4,0x56,0x06,0xa9,0x0e,0x34,0x35,
    0xf7,0x89,0x63,0xdd,0xd2,0xee,0x17,0xc3,0x4d,0x93,0xc9,0xe5,0x51,0xc1,0x98,0x00,
    0x07,0x9f,0x46,0x42,0x65,0x11,0x62,0xe2,0xfc,0x54,0x24,0xc0,0xbd,0xea,0x07,0x75,
    0x4e,0x80,0xff,0x58,0x17,0x43,0x6f,0x08,0xe0,0x84,0x12,0x9e,0xab,0x54,0xce,0x64,
    0xc5,0x40,0x34,0x24,0x0d,0xf3,0x2f,0x01,0x3e,0x58,0xfd,0x56,0x1b,0xb7,0x19,0xe2,
    0x59,0xff,0x10,0x40,0x19,0xa4,0x5a,0xdc,0x41,0x90,0x6a,0x48,0xff,0xa3,0xdc,0xc7,
    0x7b,0x69,0x64,0x04,0x96,0x01,0x2e,0xf7,0xa1,0xbe,0xc4,0x82,0xd8,0xee,0xb0,0x23,
    0x87,0x08,0x70,0x5e,0x74,0xb8,0xbe,0xb5,0x04,0xc0,0xb1,0x0f,0x96,0x18,0x68,0x39,
    0x7b,0x26,0x17,0xf2,0x2f,0x01,0x10,0xfc,0x44,0x00,0x65,0x90,0x2a,0x0e,0x08,0xb1,
    0x09,0x52,0xd5,0xb4,0xa0,0xde,0x74,0x56,0xee,0x8b,0x2f,0x91,0x35,0x50,0xe9,0x99,
    0xac,0x3d,0xe0,0x65,0xec,0x72,0x9a,0x43,0x04,0xb8,0x28,0xc6,0x61,0xf1,0xfd,0x14,
    0xf5,0xe4,0xa2,0xfd,0xf1,0x29,0x67,0x37,0x8c,0xa9,0x96,0x23,0x04,0x40,0xb9,0x93,
    0xb6,0x30,0x42,0x29,0xb3,0x1b,0x62,0x9e,0x23,0x80,0x3a,0x48,0xf5,0x43,0x87,0xde,
    0xc9,0x81,0x3d,0xd0,0xf2,0xfb,0xc2,0x88,0x70,0x9b,0x3b,0x36,0xc4,0xf6,0x5d,0xff,
    0x13,0xa0,0x88,0x44,0x90,0xf8,0x41,0xe8,0xa7,0xd0,0x31,0x38,0x1e,0x35,0x7d,0x6a,
    0x98,0x97,0x32,0x00,0x4e,0x50,0x96,0xf2,0x88,0x9a,0x23,0xe8,0x0b,0xa9,0x4b,0x37,
    0x60,0xeb,0x3c,0x4d,0x00,0x75,0x7c,0xc2,0xcf,0x0e,0xe3,0x13,0x82,0xfb,0x20,0xbf,
    0xf6,0x2b,0xa3,0x23,0x6d,0xee,0x58,0x0a,0xbb,0x92,0xe4,0x12,0x01,0x2a,0xec,0xa6,
    0x0f,0xaf,0x8d,0xf0,0x8a,0x00,0x38,0x4a,0xf4,0x7a,0x07,0x9b,0x41,0x02,0x09,0x52,
    0x9f,0xbb,0x7f,0x58,0x0e,0xe5,0x6c,0x94,0x72,0x9e,0x23,0x80,0x3a,0x42,0x69,0x9d,
    0xa3,0x08,0xa5,0xe0,0xbe,0xb4,0x14,0x60,0x47,0x01,0x3c,0x02,0x6c,0x13,0x09,0xf0,
    0xed,0xc2,0x83,0xb1,0xe9,0x57,0x8f,0x6f,0x9d,0xd6,0xab,0x64,0x8e,0x11,0x60,0x1a,
    0xb7,0xe2,0x98,0xe2,0x0d,0x01,0xb0,0xc4,0x1d,0xd7,0xcc,0x6e,0x96,0x08,0xb3,0x5c,
    0x87,0x12,0xc2,0x49,0x0a,0xb6,0x17,0xf3,0x36,0x01,0xb2,0x17,0xa4,0x1a,0xf2,0x8c,
    0xe9,0xd3,0x90,0x69,0xfd,0xe7,0x5e,0x03,0xa8,0x28,0x30,0x48,0x8c,0x77,0x90,0x2c,
    0x03,0xd3,0xbe,0x6f,0x94,0x43,0x04,0x10,0x1c,0xd6,0xea,0x3b,0x27,0x00,0xce,0xfd,
    0x72,0xbe,0x8e,0xbd,0x98,0x80,0xb2,0x17,0x3c,0x8d,0xf3,0x58,0xa7,0xb0,0x9b,0x26,
    0xb7,0x67,0x1b,0x39,0x3b,0xf0,0x0f,0x01,0xd4,0x41,0xaa,0x3b,0x3d,0x07,0xa9,0x0e,
    0x34,0x47,0xb9,0xf8,0x57,0xdd,0x0d,0x34,0x65,0xe0,0x59,0x66,0x19,0xc8,0x03,0xfb,
    0xf0,0x37,0xb4,0xd7,0x03,0x64,0x4e,0x08,0xb9,0x25,0x04,0xd0,0xbf,0x74,0x4c,0x00,
    0x1c,0x21,0x7f,0xac,0x92,0x07,0x39,0xb1,0xb8,0xe5,0x11,0xb4,0x59,0x0b,0xb0,0x16,
    0xcd,0xf3,0xd9,0x56,0xb8,0x03,0x5d,0xaa,0x44,0x1e,0x21,0x40,0xb6,0x82,0x54,0x0d,
    0xa9,0xe1,0xc6,0x84,0x68,0x4b,0x11,0x94,0xef,0xa5,0x58,0xf3,0xe5,0x6d,0x07,0x80,
    0x5f,0x3d,0x6a,0x02,0x57,0x87,0xe5,0x10,0x01,0x16,0xb5,0x8e,0x2e,0x70,0x1f,0x8e,
    0x07,0xb8,0xec,0x94,0x00,0x6f,0x60,0x85,0x58,0x49,0x8f,0x0b,0x05,0x14,0x4c,0x5a,
    0xb7,0xb5,0x44,0xed,0x45,0x3d,0x69,0x4a,0x40,0x1e,0x21,0x40,0xb6,0x82,0x54,0x2b,
    0xa6,0xe8,0x29,0x9f,0x14,0xa3,0x54,0xc1,0x05,0xde,0x4e,0xc4,0xaa,0x60,0x4e,0x02,
    0x40,0x02,0x78,0x62,0x45,0xcf,0xaa,0xe0,0x1f,0x03,0x72,0x60,0x19,0x88,0xcc,0x1c,
    0x51,0xd8,0x11,0xb4,0xbc,0x33,0x02,0xe0,0xa9,0x71,0x4b,0x8c,0xe7,0x95,0x22,0x92,
    0x74,0x3e,0x9f,0x6a,0xf9,0xd9,0xf2,0x0d,0x71,0x53,0xe6,0x76,0x9c,0x8b,0x04,0x50,
    0x07,0xa9,0xbe,0xe7,0x60,0x19,0x38,0x7e,0x46,0x59,0xce,0x18,0x54,0xe4,0xe3,0xe9,
    0xb2,0xdb,0x55,0x47,0x91,0x4b,0xae,0xc7,0x1c,0x58,0x03,0xe9,0xb4,0x0d,0xfe,0x23,
    0xc0,0x62,0xab,0x00,0x47,0x28,0xdd,0xe7,0x88,0x00,0x38,0x29,0xd1,0xca,0x48,0x27,
    0xaa,0x02,0xcb,0x2d,0xe0,0xea,0x25,0x45,0xa0,0x96,0xa5,0x36,0x59,0x9d,0x57,0x08,
    0xa0,0x0e,0x52,0x7d,0xc8,0x8b,0x20,0x55,0x95,0x47,0x10,0x42,0x73,0x55,0xe4,0x5a,
    0x56,0xa7,0x1d,0xfd,0xa2,0x5f,0x93,0x12,0x61,0xe1,0x65,0x1f,0x9e,0x4f,0xc2,0x42,
    0x4e,0x84,0xe6,0x00,0x01,0x90,0xd8,0xd5,0x14,0x15,0xf4,0x70,0x42,0x00,0x1c,0x07,
    0xbe,0x38,0xd4,0x91,0xae,0xe8,0x11,0x36,0x34,0x4a,0xf0,0x31,0xfd,0x53,0x18,0x79,
    0x73,0x99,0x00,0xca,0x20,0xd5,0xa2,0x19,0x8e,0x82,0x54,0x9d,0x10,0xa0,0x6b,0x92,
    0x18,0x8c,0x6c,0xe2,0xaf,0x31,0x54,0x4e,0xf7,0x86,0x64,0x53,0xb9,0x2e,0xfe,0x27,
    0xc0,0x3e,0xc1,0x51,0xe1,0x59,0x07,0x04,0xc0,0x21,0x93,0x33,0x83,0x9c,0x29,0x0b,
    0x03,0x99,0x9d,0xf1,0x7e,0x14,0xda,0x62,0x86,0x79,0xe0,0xed,0x3c,0x43,0x00,0x75,
    0x90,0xea,0x2f,0x8e,0x82,0x54,0x1d,0x10,0x60,0x04,0xf6,0x2b,0xf1,0xf0,0xda,0x15,
    0x71,0x8e,0x82,0x69,0xfe,0x27,0x00,0x66,0x7a,0xb4,0xee,0xc0,0xf6,0xc7,0xaf,0x1d,
    0x3e,0x0e,0x70,0xaa,0x2d,0x1e,0x41,0x9f,0xd6,0x5e,0x38,0xcb,0x92,0x28,0xfa,0xe5,
    0x19,0x02,0xa8,0x83,0x54,0xef,0x77,0x14,0xa4,0xea,0x91,0x00,0x81,0x24,0xd4,0x64,
    0xa8,0xa7,0xa7,0xc2,0x99,0xc9,0x89,0x13,0xdd,0x17,0xb6,0x04,0xf8,0xdc,0x39,0x01,
    0xf0,0xd6,0x40,0xe1,0x3e,0x10,0xe0,0x4d,0xe7,0xe6,0x82,0x28,0x6a,0x33,0xde,0xa3,
    0x22,0x6d,0x9e,0x56,0x31,0x23,0xf7,0x08,0xa0,0x0c,0x52,0xf5,0x9c,0xb5,0xdc,0x01,
    0x22,0x70,0x7a,0xb0,0x54,0xcf,0x81,0x4b,0x35,0xb0,0x4a,0x11,0x17,0x7d,0x28,0x0b,
    0x56,0xc4,0x19,0x68,0x26,0x38,0x27,0x00,0x26,0x50,0xa8,0x0f,0x04,0xf8,0xc4,0x0b,
    0x7b,0xd1,0xa7,0xe4,0x34,0xc9,0x36,0x0c,0x56,0x7a,0xb9,0xaa,0x79,0x96,0x00,0x54,
    0x90,0xaa,0xe7,0x7d,0x0b,0x3c,0xa3,0x38,0xce,0xa5,0x10,0xef,0x20,0x79,0x51,0x08,
    0x0a,0x97,0xcb,0xc4,0x33,0xee,0x2b,0x32,0x2f,0x11,0x9c,0x12,0xed,0x25,0xef,0xac,
    0x81,0xa6,0xf6,0xda,0x97,0x29,0xe0,0x23,0xe7,0x04,0xa8,0x8c,0x67,0xbc,0xb4,0x62,
    0xe2,0x59,0xa6,0x32,0xcd,0x95,0x2f,0xaf,0x10,0xe0,0xeb,0xab,0x36,0x41,0xaa,0xfc,
    0xce,0x25,0xde,0x6f,0x4f,0x5b,0x13,0x07,0x7b,0x1e,0xab,0xae,0xf9,0x44,0x00,0xac,
    0x40,0xfa,0x96,0xaa,0x87,0xb3,0x84,0xf7,0xbd,0x55,0x04,0x60,0xf7,0xb8,0xb6,0xb7,
    0x18,0xe3,0x31,0x6f,0xa1,0x96,0x93,0xf0,0x0f,0x01,0x86,0xd4,0x3b,0xad,0xab,0x83,
    0x54,0x99,0xbd,0x8b,0xe4,0x41,0xaa,0xb6,0x68,0x83,0x7d,0x8e,0xff,0x2e,0xea,0xa4,
    0x3e,0x9e,0x02,0x2e,0xf1,0x43,0x26,0xbb,0xdb,0x18,0xd6,0xe6,0xdd,0x95,0xd3,0x04,
    0x58,0x82,0xa3,0x3d,0xc7,0x39,0x26,0x00,0xde,0x52,0xa9,0xe3,0xed,0x40,0x00,0x2d,
    0xe6,0x9b,0x4c,0x75,0x90,0x6a,0x7d,0x8f,0x41,0xaa,0x76,0x78,0x12,0xb7,0xde,0xe2,
    0x70,0x47,0x27,0xbc,0x21,0x7a,0x0d,0x45,0x20,0x0e,0xba,0x88,0xf6,0x1c,0xe7,0x44,
    0x4c,0x09,0xcb,0x69,0x02,0x0c,0xe9,0x9a,0xa1,0x5a,0xc2,0xa8,0x7d,0x46,0x2c,0x65,
    0xcf,0xf1,0x80,0xdb,0x82,0x00,0x59,0x0b,0xe3,0x17,0x56,0x1c,0x4e,0x54,0x05,0xa9,
    0xb6,0x9b,0x4e,0x82,0x54,0xbd,0x24,0xc0,0xeb,0x38,0x00,0x7e,0x92,0x3c,0x6f,0x41,
    0xa7,0x59,0x35,0x14,0xcb,0x40,0x6a,0xca,0xc5,0xb9,0x07,0x48,0xd2,0x92,0x49,0xb6,
    0x1e,0xc6,0xfe,0x25,0x80,0xd6,0x1b,0xbf,0xc5,0x1b,0x0e,0x09,0x80,0x92,0x83,0xbd,
    0x26,0x79,0x65,0xb9,0x39,0x38,0x97,0x09,0xe0,0x18,0x5e,0x11,0x20,0x78,0x06,0xaa,
    0x9d,0xf1,0x9c,0xa2,0xca,0x83,0xba,0x6b,0xd9,0xa3,0x61,0x32,0x45,0x10,0x95,0x99,
    0x17,0xbb,0xe2,0xa4,0x22,0xb7,0x91,0x2e,0x38,0x5e,0x69,0xd0,0x2d,0x20,0x00,0x51,
    0x1d,0x73,0x42,0xbd,0xb2,0x09,0x3f,0xb6,0x44,0xc0,0xe2,0xff,0xdb,0x04,0x68,0xac,
    0x5c,0x44,0xde,0x45,0x08,0xe0,0x9e,0x77,0x16,0x0c,0x6f,0x51,0x36,0x3c,0x1f,0xa3,
    0x0a,0xde,0x46,0x0d,0x9e,0x11,0x38,0xf1,0x46,0xe6,0x37,0x77,0x17,0x0e,0x2e,0xd2,
    0x7e,0x36,0x9e,0xb2,0x2e,0x84,0xdd,0x0a,0x02,0x10,0x6b,0x30,0xb3,0xe8,0x90,0x37,
    0x61,0x40,0x81,0x46,0x5f,0x29,0xb5,0x80,0xfe,0x21,0xc0,0xd3,0xaa,0x76,0x2d,0x71,
    0x7b,0x12,0x40,0xe6,0xab,0xd1,0x8c,0xbe,0xd0,0x70,0xe5,0x85,0x06,0x6b,0xb7,0x84,
    0x00,0xc4,0x2e,0xc6,0x78,0x78,0x8b,0x27,0x35,0x50,0x39,0x9c,0x00,0x01,0xbc,0x23,
    0x00,0x67,0x31,0xfa,0x51,0x51,0x6d,0x8e,0x76,0x8b,0x08,0x40,0x05,0xe3,0x3c,0xef,
    0x98,0x00,0x73,0x35,0x20,0x80,0x8f,0x04,0x78,0x9d,0x57,0x26,0xae,0x94,0x56,0x5b,
    0x1e,0x76,0xcb,0x08,0x10,0x80,0x93,0x86,0xbb,0x06,0x39,0x24,0xc0,0xf9,0xc2,0x40,
    0x00,0xdf,0x08,0x70,0xa2,0x83,0xb8,0x14,0x79,0x5d,0x4c,0x1f,0x97,0xf6,0x32,0xbf,
    0xc8,0xca,0x41,0x02,0x68,0x41,0x78,0xf3,0x3c,0x57,0x7f,0x47,0x04,0xb8,0xd6,0x4c,
    0x03,0x02,0x78,0x24,0x40,0x50,0x9b,0x8f,0x0f,0x71,0xc7,0xf6,0x0d,0x93,0x3a,0x95,
    0x56,0x9e,0xc4,0x6a,0x2c,0xe3,0x26,0x8a,0xa2,0x6f,0x4e,0x12,0x40,0x0b,0xc5,0x99,
    0x12,0x33,0xfb,0x38,0x20,0xc0,0x9e,0xfa,0x1a,0x10,0xc0,0x33,0x01,0xdc,0x28,0xda,
    0xf9,0x9d,0xb9,0x1b,0x4f,0xc4,0x26,0x67,0x5c,0x3d,0xb9,0x63,0xce,0x90,0x3b,0xd4,
    0x46,0xa5,0xf6,0xaf,0x2d,0xdd,0x73,0xea,0x5a,0x46,0xc2,0xa9,0xdd,0x4b,0x5e,0x6d,
    0x27,0xd3,0x2b,0xe5,0x28,0x01,0xb4,0x08,0x1c,0xdc,0x98,0xf9,0x94,0x3d,0x01,0x12,
    0x0f,0xcd,0x7d,0x28,0x48,0xcb,0xeb,0xc8,0x79,0x02,0x00,0x00,0x00,0x00,0x20,0xef,
    0xa3,0x21,0xd1,0xc0,0x35,0xd6,0x24,0x3a,0x78,0x01,0xb4,0x1f,0x56,0x78,0xfb,0xb7,
    0x17,0xed,0xbd,0x9c,0x92,0x7a,0xf9,0xf0,0x2f,0xe3,0xdb,0x2a,0x8c,0x1f,0xe1,0xd4,
    0x6e,0x34,0x92,0x8d,0x9c,0xd8,0xfd,0x62,0x53,0xe3,0xcf,0xec,0xfd,0xf9,0xc3,0x9e,
    0x85,0x6c,0xaa,0xb9,0xd2,0x6f,0xc6,0x9d,0xda,0xbd,0x66,0xee,0xf8,0x5e,0x75,0xa4,
    0x77,0xfc,0x52,0xf1,0xdc,0x1b,0x7d,0xab,0x42,0xbb,0x22,0x91,0x8c,0xd0,0x1e,0x6a,
    0x4a,0xcf,0xae,0x81,0x43,0xe4,0x5d,0xcf,0xd9,0xdf,0x46,0xfe,0x36,0x19,0xe5,0xd8,
    0x43,0xdd,0xa9,0x27,0xef,0xee,0x73,0xff,0x87,0x51,0x3b,0x27,0x78,0x49,0x80,0xc2,
    0xfd,0xff,0x60,0x72,0xe3,0x9e,0x7e,0x5e,0x6a,0xf4,0xe9,0x49,0x55,0x79,0xc7,0x61,
    0x7f,0x65,0xac,0xe9,0xe0,0xa4,0x5a,0xec,0xf4,0xd6,0xb7,0x0f,0x01,0x6a,0x61,0x27,
    0x78,0xd7,0x40,0xcd,0x17,0x02,0xf0,0x4e,0x09,0x9b,0xfd,0x42,0x80,0x89,0xba,0xcf,
    0x04,0x58,0x22,0x1c,0xda,0x2a,0x33,0xfb,0xaf,0xa0,0x57,0xf9,0x01,0x8e,0xfb,0x6b,
    0x59,0x7e,0x47,0xd5,0xb6,0xb4,0xbb,0x4d,0x08,0x50,0x17,0xfb,0xc6,0x67,0xf6,0xd7,
    0x7c,0x23,0x40,0x5c,0xb8,0x72,0x9d,0xe5,0x33,0x01,0x5a,0x65,0xfa,0x93,0x00,0x68,
    0x0f,0x7a,0x1a,0xa5,0x99,0x64,0x73,0x6d,0x1c,0x13,0x40,0xdf,0x16,0xee,0xa8,0x9a,
    0xfe,0x75,0xe4,0xed,0x40,0x80,0x06,0xb1,0x82,0x26,0xc1,0x6b,0x02,0xe8,0xcf,0xd0,
    0x47,0xbe,0xf3,0x07,0x01,0xf2,0x1f,0xd3,0xfd,0x4a,0x00,0x26,0x03,0x90,0x89,0xd1,
    0xcc,0xf1,0x99,0xce,0x09,0x40,0x76,0x9d,0xb4,0xaf,0xa6,0xff,0x5b,0x32,0xef,0x13,
    0xa0,0x11,0x76,0xaa,0x66,0xf7,0x32,0xf3,0x8e,0x00,0x7b,0xa8,0x03,0x25,0x52,0xfd,
    0x41,0x80,0xaf,0x75,0xef,0x09,0xd0,0xdf,0x8e,0x00,0x19,0x82,0x23,0x24,0x9b,0xbf,
    0x33,0x31,0xc2,0x39,0x01,0xd2,0x0a,0x39,0x23,0x80,0x7e,0xa4,0x44,0x5e,0x27,0x40,
    0x53,0xac,0xc9,0x4c,0xef,0xae,0xf9,0x4e,0x00,0x3a,0xd6,0xf4,0x1d,0xdd,0x0f,0x04,
    0xb8,0x4f,0xf7,0x9e,0x00,0x17,0xc3,0x68,0x02,0x5c,0x9a,0xfe,0x78,0xd5,0xfc,0x31,
    0x8d,0x49,0x96,0x5e,0x3e,0xe4,0xa1,0x09,0x77,0xfa,0x53,0xca,0x37,0x34,0x9a,0x20,
    0xb0,0xc4,0x93,0x24,0xe5,0x44,0x2f,0x55,0xb5,0xe8,0x8a,0xad,0x5f,0xa7,0x76,0xa9,
    0xd7,0x77,0xe4,0xf3,0xa6,0x4d,0xb3,0x51,0xc5,0x47,0x02,0xb4,0xc0,0x0b,0xa1,0xf4,
    0x6e,0x5a,0x76,0x08,0xf0,0x13,0x2e,0x0f,0xbd,0xe8,0x07,0x02,0x14,0x32,0xd7,0x25,
    0xa7,0x64,0x04,0xe0,0x51,0x07,0xb9,0x46,0x11,0x4f,0xa7,0x25,0xfa,0xb6,0x9e,0x28,
    0x62,0xae,0x8f,0x18,0xd4,0x63,0x82,0xcf,0x6b,0xf8,0xa7,0xc7,0x96,0x2e,0x82,0x37,
    0xa6,0xfb,0xca,0xb6,0xa5,0xea,0x2f,0x91,0x2f,0x4d,0xf3,0x1e,0x01,0xee,0xc2,0xc1,
    0x22,0x69,0x8f,0x68,0xd9,0x22,0x40,0x06,0x0e,0x69,0xee,0xad,0xfb,0x81,0x00,0xa6,
    0x7b,0xf5,0xc9,0xbe,0x4e,0x08,0x80,0xb6,0x26,0xbd,0x41,0x82,0xa4,0x27,0xd1,0x77,
    0x3d,0xcd,0x05,0xe1,0x5a,0x08,0x41,0xb2,0x0f,0x4a,0x39,0x93,0x59,0xc6,0x63,0x13,
    0x60,0xa9,0x61,0x89,0x87,0x96,0x1a,0x81,0xc7,0x9d,0xcc,0xc6,0x79,0x98,0x00,0x6d,
    0x6e,0x60,0x2d,0x47,0x67,0x2d,0x7b,0x04,0x20,0x5b,0xab,0x6f,0xf7,0x03,0x01,0x4c,
    0x45,0x82,0xab,0x5d,0x37,0x07,0x04,0x28,0x93,0xa6,0x94,0xf2,0x4c,0x20,0x63,0xc9,
    0x52,0xb6,0x18,0x47,0xcb,0x56,0x8d,0x95,0x84,0xf8,0xc8,0x9b,0xa0,0xa3,0xcc,0xe9,
    0x53,0xda,0x52,0xc4,0x5b,0x68,0x79,0xde,0x25,0x40,0x3b,0xbc,0xd1,0x70,0xca,0xfd,
    0x9a,0xcf,0x04,0x48,0x33,0x5d,0xe3,0xe2,0x2d,0x19,0xea,0x4e,0xb3,0xf4,0x5c,0x76,
    0x08,0x50,0xd2,0x14,0x4c,0x3f,0xd3,0x9c,0x10,0x00,0x79,0xe2,0x66,0x54,0x90,0x1f,
    0x47,0x29,0x51,0xf8,0x29,0x00,0x0d,0xd3,0x9b,0xf1,0x66,0xad,0x07,0x3c,0x36,0x01,
    0xde,0x42,0xf4,0x37,0x8f,0x2d,0x85,0x73,0x99,0xb9,0xaa,0xe6,0x55,0x02,0x74,0xc2,
    0x01,0x56,0xc9,0xf7,0x68,0xbe,0x13,0x20,0xc5,0x4a,0x3c,0x6a,0xe9,0x90,0xac,0x2d,
    0xef,0xde,0xc8,0x0e,0x01,0xcc,0xbd,0xad,0x8f,0x44,0x38,0x21,0x40,0x41,0x34,0x8b,
    0x7d,0xaf,0xa8,0xf0,0x80,0xc4,0x69,0xca,0x3d,0x9f,0xa3,0x81,0x63,0x28,0x89,0x97,
    0x68,0xea,0xa9,0x09,0x70,0x4e,0xa6,0x49,0x1e,0x5b,0xaa,0xae,0xc4,0x8f,0x28,0x6f,
    0x11,0xe0,0x3e,0x1c,0x64,0x94,0xd4,0x41,0xcb,0x0e,0x01,0x4a,0xa7,0x53,0x71,0xb3,
    0x65,0xcc,0x1f,0x47,0xef,0xc8,0x06,0x01,0xcc,0xa0,0xab,0xcc,0x96,0x9a,0x13,0x02,
    0xbc,0x86,0xaa,0x34,0x52,0x10,0xe4,0xa4,0x7c,0x19,0x88,0x9c,0xba,0x33,0x4a,0x68,
    0x81,0x68,0x8c,0x98,0xea,0xa1,0x09,0x0a,0xe1,0x60,0xa5,0x0e,0x9e,0x5b,0x6a,0x95,
    0x38,0x5d,0xe4,0x29,0x02,0xfc,0x8e,0x57,0xeb,0x37,0xda,0x6a,0xd9,0x22,0x00,0x0a,
    0x88,0x33,0x34,0x9f,0x96,0x9f,0xea,0xb0,0x06,0xbe,0x13,0xa0,0xd2,0x75,0x2c,0x54,
    0x78,0x26,0x40,0x18,0xda,0xee,0x6f,0x8d,0xfc,0x78,0x01,0xbc,0x68,0xe4,0xb2,0x62,
    0xfd,0x6b,0x15,0xaf,0xd4,0x70,0xe2,0x34,0x3d,0x2e,0xd4,0x6e,0x19,0x58,0xbc,0x07,
    0x4e,0xe2,0xb3,0x23,0xc0,0x73,0x4b,0xe1,0xe0,0xd1,0xa4,0xe0,0x3c,0x49,0x00,0x8c,
    0xeb,0xad,0xb4,0x6c,0x12,0xa0,0x25,0x91,0x8c,0xc3,0x4d,0x81,0x2a,0x31,0xca,0x77,
    0x02,0x04,0xfe,0x65,0x9c,0xb7,0x3f,0xcc,0x11,0x01,0x06,0xa2,0x1a,0xf7,0xc9,0x97,
    0x93,0x5b,0xb1,0x75,0xa6,0x14,0x73,0xa0,0x36,0xad,0x1d,0x68,0x86,0x7e,0x74,0x75,
    0xa6,0x08,0xba,0x51,0xcf,0x41,0x4b,0xdd,0x85,0xab,0x57,0xf2,0x70,0xc1,0x83,0x9e,
    0xef,0x79,0xd0,0xc9,0x63,0xf9,0x46,0x80,0xc4,0x3b,0xb5,0xec,0x12,0x40,0x33,0x23,
    0xad,0x33,0x2b,0x6a,0xda,0x33,0xba,0x25,0xbe,0xf9,0x4e,0x00,0x33,0x77,0x73,0xba,
    0xd1,0xe5,0x1e,0x09,0x10,0x78,0x48,0x48,0xdc,0x40,0xa3,0x18,0x36,0x28,0xa6,0x71,
    0xd3,0x1c,0x8a,0x27,0x4e,0x35,0xa2,0xce,0x8e,0x4b,0x17,0x0a,0xaa,0x96,0x3e,0xdd,
    0xdc,0x49,0x4b,0x95,0x11,0xad,0x0c,0x79,0x91,0x00,0x09,0xcd,0xb5,0xec,0x13,0xa0,
    0x17,0x8e,0x9b,0xdb,0x83,0x04,0x5f,0x9f,0x09,0x50,0x27,0x85,0xb2,0xce,0x7a,0x24,
    0x40,0x57,0x54,0xa1,0x8f,0xec,0x68,0x61,0xac,0xec,0xcd,0x78,0x82,0x3d,0x12,0x74,
    0x9e,0x59,0xd0,0xa3,0x00,0x8b,0xf4,0xa2,0x0e,0x08,0xb0,0x38,0xca,0x51,0x4b,0x45,
    0xe0,0x13,0x3a,0xe7,0x65,0x02,0x74,0xd5,0xfc,0x40,0x80,0x50,0x73,0x22,0xbe,0x1a,
    0xd9,0x0e,0x2f,0x7d,0x7d,0x25,0x40,0x88,0x99,0xb7,0x73,0x67,0x88,0x33,0x02,0x6c,
    0xb1,0x8e,0x9f,0x93,0x6d,0xbf,0x1a,0xb6,0x05,0xab,0x39,0x1e,0xe5,0x0e,0xe1,0xb4,
    0x52,0x26,0x31,0xea,0xc9,0x02,0x6c,0x94,0x2d,0xbd,0xb3,0x83,0xa3,0x96,0xc2,0xba,
    0xa0,0xc7,0xf2,0x32,0x01,0x8e,0x97,0xf7,0x03,0x01,0x50,0x9e,0xbe,0x67,0xad,0xb5,
    0xf5,0x3d,0xbe,0x13,0xc0,0x4c,0x7e,0x96,0x5a,0x57,0x73,0x44,0x00,0x94,0xf5,0x92,
    0x4e,0x1f,0x42,0x80,0x73,0x00,0xdd,0x14,0x96,0x39,0xdf,0xa3,0xd9,0x3c,0x82,0xb5,
    0x0b,0xed,0x70,0x24,0x03,0xb8,0xc6,0x38,0x68,0xa9,0xc8,0xdb,0x63,0x04,0xd0,0x4f,
    0x54,0xf0,0x03,0x01,0x2c,0x03,0xe0,0x29,0xd3,0xc0,0x7e,0x30,0xc0,0x67,0x02,0x34,
    0x33,0x3f,0x9b,0x57,0x35,0x67,0x04,0xf8,0x15,0x09,0x32,0x92,0xad,0x45,0xb5,0xaa,
    0xc8,0xdc,0x9f,0x72,0x37,0x7f,0x28,0x1a,0xa9,0x40,0x50,0xe2,0x29,0x9c,0xdb,0xa7,
    0xae,0xb3,0x96,0x1e,0xea,0x8d,0x0c,0xd0,0x3a,0x4f,0x13,0x40,0x3f,0x59,0x31,0xfb,
    0x04,0x60,0x5d,0x00,0xdc,0x6e,0x65,0x3e,0x12,0xc0,0x1c,0xb4,0xff,0x0e,0x72,0x46,
    0x80,0x5a,0xc8,0x0c,0xf4,0x91,0xec,0xe8,0x18,0x74,0xf2,0x00,0xe1,0xd0,0x00,0x74,
    0xe8,0x41,0x44,0x16,0x5d,0x72,0x25,0xae,0x09,0x22,0x6b,0x0e,0x39,0x81,0x97,0x76,
    0xe5,0x3d,0xb6,0x14,0x1e,0x9d,0x48,0x94,0x74,0xde,0x5c,0x06,0xea,0xa7,0x2b,0x65,
    0x9f,0x00,0xb4,0x13,0x50,0x42,0xa4,0xef,0x04,0x30,0x52,0x58,0x24,0xe3,0xac,0x3d,
    0x1e,0x08,0x30,0x1b,0x89,0xf8,0x65,0xd5,0xfa,0xc4,0xac,0x71,0x49,0xf4,0x07,0x44,
    0xfb,0xce,0xc5,0x87,0xf0,0x16,0x8c,0x0b,0x41,0x76,0x4d,0x90,0x1f,0x6b,0x15,0x3e,
    0xf6,0xd8,0x52,0x38,0xb3,0xdc,0xcd,0xbc,0xa9,0x07,0x20,0x8a,0x20,0xfd,0x4c,0xe5,
    0x6c,0x13,0x80,0x76,0x03,0x34,0xda,0x26,0x3b,0x04,0x50,0x81,0x67,0x41,0x69,0xa4,
    0xcd,0xfd,0x4e,0x7a,0x2d,0x94,0x3f,0x76,0x91,0x70,0xa4,0xb2,0xcd,0x4d,0xee,0xb3,
    0x6d,0x02,0xbc,0xb9,0xc4,0x29,0x8f,0x2d,0x85,0x73,0xd9,0xad,0xcf,0xa3,0xaa,0xe0,
    0x07,0x48,0xbe,0xa9,0xb3,0x55,0xb3,0x4d,0x00,0xe2,0x08,0x9c,0x59,0xf1,0x56,0x11,
    0xe0,0x23,0x74,0xa0,0xbe,0xed,0xb5,0x66,0x0b,0x47,0xde,0xb1,0xb9,0xc9,0x0f,0xf6,
    0x4d,0x80,0x9d,0x1d,0x8a,0x78,0x68,0x29,0xac,0x0b,0xc7,0x02,0x4d,0x9e,0x33,0x06,
    0xdd,0x4f,0x18,0x70,0xae,0x5a,0x76,0x09,0x10,0x7c,0x96,0x35,0x95,0xdf,0x02,0x02,
    0x44,0x23,0x67,0x96,0x15,0x5e,0xaa,0x1a,0x02,0x8e,0xdb,0xdc,0x24,0xb9,0xa0,0x6d,
    0x13,0xec,0x17,0x63,0x28,0xe5,0x2d,0xb5,0x1c,0x2f,0x19,0xaa,0xe4,0x59,0x73,0xf0,
    0x3d,0x64,0x0b,0xde,0xf3,0xd5,0xb3,0x49,0x00,0x32,0xe5,0xb5,0xbb,0x55,0x04,0x78,
    0x45,0x66,0x99,0x71,0x82,0x36,0xb6,0x52,0xb4,0xbd,0x67,0xfc,0x65,0x71,0xd4,0x91,
    0xb6,0x14,0x71,0x38,0xfd,0x35,0xef,0xfa,0x03,0x68,0x9d,0x08,0x03,0x2e,0xd4,0xcc,
    0x26,0x01,0x8a,0x24,0x33,0x3a,0xd9,0x9c,0x27,0x40,0x28,0x52,0xe6,0xed,0xf4,0x56,
    0xd9,0x3c,0xd3,0x96,0x00,0x9b,0xec,0x9a,0x80,0xf8,0x11,0x96,0xb0,0x6d,0xa9,0x51,
    0xd8,0xe3,0x3c,0xb3,0x51,0x1e,0x26,0x80,0xd6,0x81,0xe4,0x5c,0xbd,0x58,0x2b,0x7b,
    0x04,0x40,0xcd,0x3a,0xe0,0x56,0x11,0xe0,0x19,0x54,0xfc,0xa4,0x87,0x6b,0xf1,0x32,
    0x40,0x44,0xa2,0xfd,0x42,0xba,0x8a,0xba,0x09,0x0a,0xe0,0xfc,0xb2,0x49,0x41,0x36,
    0x2d,0xd5,0xf0,0xd7,0xdb,0xc5,0x27,0x90,0x72,0x0a,0xd2,0x2f,0xd5,0xce,0x1e,0x01,
    0xea,0x33,0x21,0x22,0xd9,0x30,0x07,0x53,0xb0,0x59,0x06,0x06,0xa0,0x1d,0xb0,0x4f,
    0x07,0x7b,0x49,0x80,0xa7,0xd0,0x45,0x7b,0x33,0xc5,0x78,0x25,0x3b,0x56,0xd1,0x04,
    0x11,0x35,0x87,0x9e,0xc4,0xad,0xf5,0xb3,0xa2,0xa5,0xa2,0x2a,0xb4,0x7e,0x7d,0xed,
    0x6d,0xe4,0x15,0xac,0xb5,0xc5,0x6e,0x81,0xfa,0xe5,0xba,0xd9,0x22,0x00,0x8b,0x1c,
    0x27,0xc0,0xc3,0xe8,0xd0,0x08,0xcd,0x4b,0x02,0xfc,0x89,0x2c,0x3f,0x5c,0x9c,0x27,
    0xf2,0xf6,0x38,0x19,0xe0,0x40,0xe5,0xf6,0xa8,0x33,0xcd,0x9c,0xb3,0xb8,0x00,0x6a,
    0x7f,0xca,0x5b,0x4e,0x00,0xad,0x35,0x61,0xc0,0x95,0x7a,0xde,0x3c,0x6c,0x2e,0x13,
    0x60,0x13,0x52,0x3b,0x15,0xf0,0x92,0x00,0x38,0x20,0x6c,0x95,0xca,0x74,0xd0,0xd6,
    0x73,0xcf,0xae,0x74,0xa6,0x9a,0xdd,0xee,0x2c,0x32,0x28,0x57,0x09,0xa0,0xb5,0xc2,
    0xfb,0xd6,0xea,0xb1,0x0d,0x6e,0x1b,0x02,0xdc,0x89,0x8e,0xbc,0xaf,0x79,0x49,0x80,
    0x57,0xe4,0x3e,0x82,0x54,0xf6,0xe7,0x59,0x1e,0x7b,0xf6,0x50,0x19,0x47,0x36,0xa3,
    0xaf,0x22,0xb4,0xdb,0x80,0x00,0xda,0x9d,0x44,0x28,0x8a,0x6b,0x78,0xbb,0x10,0x60,
    0x19,0x32,0xf4,0x96,0xf2,0x96,0x00,0xff,0xa1,0xee,0x29,0xcd,0xd5,0x0f,0x46,0x41,
    0x72,0xd7,0x23,0x3d,0x34,0xc1,0x4a,0x27,0x6e,0x03,0xfa,0x86,0xd6,0xca,0xae,0xcb,
    0x5b,0x04,0xa0,0xc2,0x83,0xf4,0xf8,0x46,0xb7,0x07,0x01,0x6a,0x20,0x33,0xd0,0x4c,
    0xcd,0x4b,0x02,0xe0,0xad,0xb9,0xb6,0x0a,0x27,0xcc,0xe1,0x02,0xbf,0xe4,0x4d,0x90,
    0xb9,0xfe,0x01,0x07,0xdd,0x7a,0xf1,0xcb,0x96,0x36,0x5d,0x97,0xc7,0x08,0xa0,0x35,
    0x4b,0xc0,0x8f,0x72,0xb5,0xf1,0x6d,0x41,0x00,0xb4,0x93,0x90,0xab,0xb6,0xb7,0x04,
    0x98,0xaa,0x2b,0xc2,0x40,0x28,0xb9,0x72,0x95,0xb4,0x09,0x32,0xaf,0x5f,0x3c,0xfc,
    0xfb,0xa4,0x3e,0x45,0xd5,0xdd,0x9a,0x99,0x72,0x3d,0xee,0xc4,0x8e,0x55,0xb3,0xc7,
    0xf4,0xac,0x62,0xdf,0x75,0x79,0x8d,0x00,0x5a,0x13,0x92,0xec,0x2e,0xa1,0x69,0x1e,
    0x22,0x00,0x00,0x00,0xf8,0x1f,0x03,0x19,0x79,0xd6,0xd2,0xc5,0x7f,0xdb,0x0c,0x70,
    0x96,0xdf,0x67,0xfc,0x89,0xed,0x33,0x9f,0xab,0x65,0x3b,0xea,0xa6,0x27,0x9c,0xdd,
    0xbb,0x68,0xdc,0x83,0x6c,0x2e,0xdf,0x8d,0xf6,0x8a,0x41,0x77,0x7e,0x47,0x3c,0x6f,
    0x88,0xbb,0xb4,0x3d,0x4e,0xcf,0x1b,0x2f,0xa2,0x1f,0xd4,0x46,0xe4,0xa1,0x48,0xdf,
    0x7e,0x35,0x50,0x62,0x8e,0x30,0xfc,0x05,0x71,0xc4,0x59,0x2a,0xa3,0x8a,0x21,0x49,
    0x52,0x32,0xdd,0xf2,0x64,0x6d,0x6c,0xc0,0xff,0x83,0x7d,0x84,0x18,0x6c,0xa2,0x3c,
    0x66,0x2c,0x3b,0x1e,0xb4,0x7d,0x9d,0x32,0xb2,0x56,0xef,0x98,0xc2,0x19,0x2e,0x55,
    0xc8,0x67,0x54,0x34,0x3d,0xc9,0x3f,0xa5,0x97,0x4c,0xdc,0xc0,0x2f,0x48,0xed,0xc8,
    0x77,0x63,0x9f,0x73,0x02,0xe8,0xf7,0x78,0x45,0x00,0x0b,0x5b,0x7a,0x07,0x78,0x9c,
    0x76,0x13,0x67,0x97,0xf7,0x8e,0x00,0x58,0x72,0x3c,0xa4,0xa9,0x96,0x23,0x86,0xe4,
    0x88,0x4d,0x05,0x2f,0x48,0x16,0xac,0x3a,0xa5,0x66,0xc1,0xa6,0x33,0x53,0x51,0x80,
    0xf7,0x20,0xdc,0x41,0x3b,0xb7,0x46,0x1e,0x65,0x23,0xd1,0xf0,0x49,0x4c,0x7a,0x02,
    0xca,0xb6,0xe1,0x32,0x35,0x18,0xde,0x13,0xe0,0xae,0x9b,0x12,0x57,0x37,0x29,0x8c,
    0x30,0xba,0x9b,0xe6,0x53,0xee,0x16,0xd5,0xa9,0xfe,0x25,0xc0,0xbf,0x01,0x3e,0x10,
    0x40,0xd7,0xff,0xaa,0xea,0x59,0xee,0x4a,0x1e,0xee,0x15,0x01,0xf0,0xda,0x51,0x6f,
    0xc2,0x3d,0x6e,0xe1,0x34,0x7a,0xed,0x18,0x8c,0xb4,0x6a,0x0b,0x65,0x76,0x41,0x6a,
    0x7f,0x12,0x94,0xe0,0xf7,0xa8,0xd5,0xd5,0xc7,0x04,0x3d,0x74,0x16,0xa6,0xa1,0xc2,
    0x03,0xa6,0x3e,0x39,0xf8,0x5f,0xac,0xb2,0x2b,0xc2,0xf7,0x09,0x1d,0xda,0xe6,0x35,
    0x01,0x1a,0xe3,0x65,0xa0,0xcb,0xd3,0xc6,0xa1,0xef,0x10,0x35,0x58,0x61,0x63,0x25,
    0x56,0x36,0x07,0x09,0xa0,0x3f,0xe1,0x13,0x01,0xf4,0xab,0x4e,0xf4,0x59,0xaf,0x7b,
    0x45,0x00,0xac,0x3d,0xe2,0x63,0xd0,0x07,0xb3,0xda,0x23,0x94,0x3f,0xfe,0x22,0xa9,
    0x41,0x0c,0x43,0x24,0x7c,0x35,0xe8,0x1a,0xb7,0x42,0xb9,0x0b,0x0d,0xf6,0xe9,0xc4,
    0x78,0xd8,0x1e,0x2d,0x75,0xd3,0x51,0xd0,0x6a,0x7d,0x9c,0x38,0x91,0xca,0xf9,0x1f,
    0x7e,0x04,0x7b,0x77,0xe6,0xf7,0x8d,0x00,0x75,0x62,0xa9,0xa5,0xce,0x13,0xf6,0xdd,
    0xb3,0x9e,0xb4,0x5d,0x57,0x8a,0xc1,0x39,0x44,0x80,0xc3,0xc1,0x3e,0x11,0x40,0xbf,
    0x5c,0xc9,0x73,0x25,0x62,0xa6,0x75,0x42,0x00,0xac,0x3f,0xbe,0x14,0x2c,0xd7,0x48,
    0x5b,0xfa,0x63,0xec,0x88,0x8a,0x47,0xa1,0x80,0x78,0xe2,0x7a,0x87,0xcf,0xc2,0xee,
    0x42,0x38,0xb9,0x16,0xf6,0x6e,0xda,0x8f,0x04,0x94,0x28,0x9c,0x1e,0x65,0x1c,0xfb,
    0xfd,0x71,0x0b,0x47,0xbc,0x57,0x25,0xde,0x0c,0xce,0x4b,0x02,0x54,0xbd,0x40,0x1f,
    0x4e,0xeb,0xec,0x54,0x04,0xf8,0xcc,0xfd,0xe7,0xf4,0x1c,0x25,0x00,0xe5,0x9c,0xe1,
    0x15,0x01,0xf4,0x65,0x0e,0x2a,0xad,0xf2,0x86,0x00,0xd8,0x82,0xc4,0xc5,0x20,0x56,
    0xd4,0x59,0x0b,0x12,0x56,0x27,0xe3,0xa1,0xb4,0x0e,0x75,0x25,0x2c,0x79,0x0c,0x43,
    0x25,0xd8,0x0f,0x27,0x0c,0xbb,0x1a,0x4d,0xe4,0x67,0xf6,0x9d,0x44,0x2e,0x08,0xd9,
    0x83,0xef,0x87,0x32,0xd0,0x35,0xc0,0x3b,0x16,0xe0,0xbe,0xb0,0x25,0x40,0x1a,0xbf,
    0x5f,0x44,0xb9,0x53,0x6c,0x85,0x94,0xf6,0x0e,0x45,0x00,0x23,0xec,0xae,0x67,0xce,
    0x12,0xe0,0x6c,0xb8,0x13,0x02,0x18,0xf3,0x79,0x50,0xb1,0xce,0xd4,0xfe,0x1d,0xad,
    0xa5,0x95,0x82,0x8b,0x76,0x98,0x47,0x56,0x0d,0x62,0xd2,0x57,0xad,0x0a,0xbe,0xb1,
    0xa6,0xb2,0x21,0xcf,0x63,0x8a,0xdf,0xe0,0xe6,0x6e,0xbc,0x99,0xe0,0x2c,0x61,0x8e,
    0xd0,0xa9,0x34,0x54,0x8b,0xd0,0x50,0x45,0xae,0xd4,0x08,0x75,0x64,0xa6,0xf9,0x7d,
    0x3d,0x20,0x5d,0x19,0x34,0xc2,0xe1,0x46,0x93,0xad,0xc9,0x04,0x27,0x64,0x39,0x1b,
    0xad,0x6e,0x54,0x2a,0x21,0xde,0x20,0xee,0x50,0x09,0x6b,0x06,0x49,0x7e,0xbe,0x83,
    0xe5,0x61,0x73,0xa3,0xa5,0x23,0x11,0xa0,0x88,0x31,0x43,0x95,0xca,0x59,0x02,0x90,
    0x88,0x1f,0x8f,0x04,0x70,0x63,0x2c,0x2f,0x0e,0x49,0x2a,0x0d,0xb7,0x8b,0x8a,0x53,
    0x13,0x00,0x7b,0x91,0xdc,0x64,0xd2,0x84,0x1e,0xe0,0xbd,0x48,0xd0,0x73,0x1e,0x41,
    0x35,0xe6,0x51,0x6f,0xf3,0x25,0x2a,0xbc,0x20,0x7a,0x15,0x90,0xe1,0xfd,0x88,0x7b,
    0x2d,0x57,0xe8,0xbc,0x5c,0x63,0x89,0xb7,0x89,0xca,0x34,0xc5,0xd1,0x97,0xf0,0xc5,
    0x1f,0x50,0xb7,0xe9,0x3d,0x24,0x23,0xe6,0xd7,0xbc,0x10,0xbb,0xcf,0x92,0x33,0xb3,
    0x96,0x28,0xc5,0x7e,0xb7,0x74,0x81,0x77,0x38,0x11,0x01,0xba,0xf1,0x01,0x2b,0x39,
    0x42,0x80,0xf8,0x82,0xde,0x10,0x80,0x8c,0xe6,0x27,0x95,0x95,0x02,0x8f,0x4a,0x96,
    0x6a,0x9e,0x09,0x40,0x46,0x64,0x7a,0x09,0xd6,0x58,0xf0,0x23,0x9b,0xc8,0xae,0xef,
    0x90,0x97,0xc1,0x25,0x73,0x7e,0x47,0xb3,0x2e,0xaa,0xf4,0x22,0x75,0xad,0x90,0x7f,
    0x69,0x27,0xa2,0xf9,0x78,0x59,0xcb,0x6e,0xf1,0x10,0x86,0xd7,0x23,0xbb,0xdd,0xd2,
    0x48,0x45,0xec,0xd0,0x33,0x47,0xdd,0xa4,0x95,0x89,0x18,0xb2,0x99,0xcd,0x80,0xa0,
    0x45,0x59,0x03,0xc8,0x2c,0x63,0x46,0x09,0x78,0xc9,0x1c,0xc0,0xae,0xa8,0x14,0xec,
    0x61,0x94,0x08,0x30,0x85,0xa1,0x34,0x3d,0x48,0x4a,0x43,0x9a,0x7c,0x24,0x00,0xde,
    0x95,0xd3,0x19,0x01,0x48,0x86,0xb2,0x48,0x65,0xa5,0xaf,0x45,0xd9,0xca,0x09,0x01,
    0xb0,0xea,0x86,0xf6,0x41,0x9e,0x2c,0x08,0x2b,0x0f,0x31,0x1a,0x1e,0xbc,0x99,0xac,
    0xb9,0xc3,0x9f,0xcb,0x9a,0x75,0xfa,0xa1,0x4a,0x4c,0x4e,0x9a,0xda,0xc8,0x4b,0xdb,
    0xd5,0x5e,0x7b,0x14,0x47,0x95,0xf0,0xfe,0xda,0xcd,0xf1,0xd7,0xec,0xce,0x8a,0x87,
    0xb3,0x1d,0x5f,0x88,0x51,0xb6,0x68,0xfe,0x7d,0xc4,0xf7,0xb7,0x24,0x37,0xae,0x99,
    0x5f,0x4c,0x22,0x9e,0xc9,0x1b,0x9b,0x9f,0xc7,0x79,0x2e,0x52,0x24,0xbf,0xbd,0x94,
    0x94,0xe2,0x80,0x00,0x3e,0x68,0x02,0xcd,0x06,0x28,0xe1,0x0d,0x01,0x70,0xda,0x07,
    0xbd,0xa2,0xb2,0x12,0x16,0xd4,0xdf,0xf1,0x8a,0x00,0xd8,0x97,0x3c,0x83,0x38,0xf9,
    0x04,0x5d,0x10,0x7c,0xc9,0x0b,0xa3,0xb5,0xdb,0x67,0xe6,0x6f,0x33,0x21,0x79,0x7c,
    0x21,0xb3,0xd8,0x92,0xb0,0x67,0x09,0x31,0x43,0x06,0x70,0x06,0xa2,0x53,0x55,0xb0,
    0xf3,0xb1,0xa8,0x99,0xf9,0x18,0xeb,0x32,0xaa,0x52,0x84,0x7f,0x58,0xd9,0xa0,0x01,
    0x8b,0x70,0xa5,0x54,0x2e,0x17,0x40,0x98,0x29,0x35,0x6d,0xa7,0x4c,0x57,0x05,0xcc,
    0x29,0xeb,0x64,0xd9,0x5c,0x27,0x40,0xca,0x46,0x66,0x36,0x77,0x46,0x00,0x12,0x90,
    0x79,0x87,0xb2,0xd2,0x3b,0xea,0xb6,0xb5,0x23,0x00,0x39,0x8f,0xf8,0xa0,0xdd,0x23,
    0x89,0x26,0xd9,0xcf,0xfa,0x2a,0x9b,0x3a,0xbe,0x5f,0xac,0xc4,0x09,0x56,0x2e,0x3d,
    0x34,0x0b,0xad,0x66,0xef,0x10,0x88,0xd7,0x94,0xd8,0x43,0x63,0xb5,0x98,0xc3,0x3c,
    0x1c,0x27,0xaa,0x59,0x5b,0x2c,0x56,0x54,0x31,0x08,0x78,0x83,0xf4,0xc6,0x33,0xec,
    0x91,0x60,0x63,0x3b,0x79,0xd7,0x24,0x76,0x5a,0xe8,0x6b,0x28,0xb3,0x0e,0x17,0xcf,
    0x75,0x02,0xb4,0xb2,0x96,0x2d,0x95,0xbc,0x20,0x40,0x1d,0x07,0x23,0xc0,0x37,0xc2,
    0x4a,0xc1,0x19,0x01,0x70,0x3c,0x19,0xd9,0x2e,0xfe,0x5b,0x9b,0x78,0xb2,0xcc,0x68,
    0xb2,0x56,0xd2,0x47,0x5b,0xd6,0x84,0xcd,0x46,0x59,0x49,0xd5,0x18,0x54,0xe5,0x06,
    0xd7,0x7c,0xd7,0x64,0xc1,0xfb,0xad,0xf0,0xa6,0xd1,0x58,0x9c,0xb9,0x5c,0x44,0xd9,
    0x9e,0xf7,0x13,0x01,0x90,0xcb,0x93,0x17,0x68,0xc4,0xc8,0x5f,0x11,0x32,0x04,0x56,
    0x37,0x62,0xea,0xf6,0x14,0xca,0x6d,0x02,0xa0,0xd8,0x9a,0x79,0x5e,0x10,0xe0,0x69,
    0xcf,0x32,0x40,0x20,0xf2,0xec,0x8d,0xcf,0xe7,0x1d,0x01,0x88,0x84,0x89,0x42,0x28,
    0x22,0x90,0x33,0x1d,0x1d,0x51,0xfa,0x24,0x43,0x8a,0x18,0xb3,0xb3,0xee,0xd4,0x9e,
    0x30,0xc7,0xe0,0x70,0xc6,0x7e,0xd4,0x91,0xbf,0xc5,0xf3,0x5c,0xf3,0xc9,0x15,0xb3,
    0x9f,0x0b,0xcd,0xfc,0xb8,0xb2,0x39,0xab,0x11,0x57,0x8f,0x0d,0x21,0x3e,0x5b,0xe8,
    0x72,0x87,0x00,0xf5,0xcd,0xc6,0x33,0xb7,0xba,0x75,0x44,0x80,0x00,0x9c,0x12,0xe4,
    0x84,0xb2,0xd2,0x48,0x54,0x20,0x0b,0x29,0xb7,0x25,0x00,0x8e,0x29,0x9f,0xa0,0xd1,
    0xf3,0x3b,0x77,0xa9,0x72,0x4c,0x2d,0x53,0x27,0x93,0x1c,0xaa,0x95,0x32,0x0b,0xdb,
    0x60,0x15,0x9a,0x5b,0x9a,0xc8,0x2f,0xcc,0xd7,0xec,0x56,0xa4,0xbf,0xc8,0x9b,0x28,
    0x92,0x0f,0x6d,0x5b,0xac,0x6c,0xcd,0x02,0xff,0x11,0x9d,0x4a,0xf1,0x6c,0x5b,0x6a,
    0x0d,0x75,0xe5,0x22,0x6a,0x3c,0x2c,0xa9,0x39,0x5e,0x06,0xfa,0x40,0x00,0xb4,0x14,
    0x5a,0xee,0x98,0x00,0x13,0x3c,0xe8,0x01,0x82,0x8a,0x74,0x98,0x6f,0xab,0x37,0xb1,
    0x25,0x40,0x74,0x32,0xe7,0x37,0x8e,0xc3,0xff,0x18,0x23,0x2e,0xf2,0x2e,0x37,0xd2,
    0x03,0xbe,0x8f,0xff,0x3c,0x46,0x2c,0x10,0x28,0x6c,0x79,0xbb,0x78,0x8f,0xb2,0x09,
    0x54,0xbf,0xc6,0xaa,0x36,0x5c,0x6c,0xe7,0x62,0xfa,0x3f,0x4e,0xd9,0xb5,0x01,0x24,
    0x6b,0x75,0x4a,0xd3,0xec,0x9b,0xea,0xf7,0x90,0x05,0xcf,0x73,0x54,0x14,0x58,0x8e,
    0x11,0xa0,0xb2,0xa5,0x56,0x6b,0xe5,0x84,0x00,0x81,0xc5,0xba,0xac,0x22,0x6d,0xd2,
    0xca,0x93,0x2a,0x38,0xb6,0x9e,0xe6,0x2d,0x01,0x70,0x5e,0x19,0xeb,0xea,0x45,0x91,
    0xee,0x8e,0xc9,0x2b,0x83,0x35,0x3f,0x29,0x61,0xd8,0x54,0x30,0x01,0xaf,0x83,0xdd,
    0x96,0xfc,0x28,0x34,0x2b,0x7f,0x22,0xb9,0xc7,0xd3,0x72,0x5b,0x18,0x87,0xaf,0x98,
    0x77,0x79,0x4a,0x59,0xef,0x6d,0x52,0xe9,0xe9,0xec,0xf7,0x7f,0x09,0xe3,0x42,0x15,
    0x8c,0xbf,0x97,0x10,0x2b,0x75,0xce,0x11,0x00,0x99,0xc9,0x37,0x7a,0x6d,0x0b,0x58,
    0xea,0xa9,0xd2,0xa6,0x0a,0x9a,0xf7,0x04,0xc0,0x99,0xa5,0xcc,0x64,0xf1,0x43,0xd1,
    0x4f,0x26,0xb3,0x94,0xf6,0x2c,0x2a,0xbe,0x0b,0x29,0x4e,0x0c,0x71,0xa0,0xbf,0x29,
    0xd5,0x05,0x52,0x5b,0x21,0x3c,0x2a,0xb9,0x47,0x23,0xf2,0x71,0x67,0xa8,0x37,0x71,
    0x8d,0x3a,0xed,0x79,0xa2,0x70,0x2b,0x25,0xc8,0xc5,0x3e,0xf7,0x83,0xaf,0x8e,0xb1,
    0xe8,0x3c,0x6c,0x2e,0x20,0xae,0xb1,0x16,0xa9,0x1c,0xd0,0x04,0xba,0x09,0x50,0xd2,
    0xd2,0x73,0x3d,0xe8,0xad,0x35,0xb0,0xa2,0x6d,0x25,0xd7,0x6a,0x55,0x6e,0x34,0x7b,
    0x02,0xe0,0xdc,0x72,0xf1,0xa1,0xf4,0xac,0xc4,0xe6,0x96,0x23,0xba,0x88,0x57,0xb3,
    0x04,0x76,0xb2,0x20,0xa8,0x66,0x16,0x36,0xd0,0xb4,0x77,0x51,0x05,0xc9,0xc8,0x1d,
    0xb6,0x8f,0x0e,0x2b,0x53,0x4b,0x6d,0xf7,0x92,0x5a,0x09,0xa5,0x55,0x95,0x6a,0x10,
    0x7f,0xff,0xf5,0xc1,0x7e,0x20,0xc0,0x5c,0x12,0xeb,0x68,0x64,0xc1,0x4c,0x8d,0xc8,
    0x69,0x02,0x20,0xcd,0xf7,0x9e,0x40,0xbf,0xfa,0x03,0xb8,0xb6,0xf5,0xf4,0x89,0x00,
    0x38,0xbb,0xa4,0xfe,0x08,0x5d,0x97,0x4b,0x43,0x1f,0x80,0xc2,0x0b,0x7e,0x43,0x89,
    0x8c,0x77,0x19,0xe5,0x17,0x91,0xf2,0x61,0x03,0x6f,0x2e,0xa0,0x30,0x91,0x79,0xd0,
    0xb1,0xea,0x66,0x9a,0xe5,0x61,0xa5,0xe0,0x96,0x59,0xc8,0xfe,0xd7,0xa7,0x8b,0xf9,
    0xa1,0xff,0x03,0x8c,0x37,0xe8,0x42,0x94,0x22,0x92,0xec,0xbc,0xfe,0x26,0x40,0xc1,
    0x78,0x34,0xcb,0x79,0x41,0x80,0x0d,0x0e,0x3c,0x82,0x7e,0x0a,0xf7,0x85,0x00,0xb5,
    0x69,0xb1,0xfb,0x6d,0x95,0x51,0x09,0x39,0x89,0x25,0x04,0x5a,0x69,0x8a,0xcc,0x8f,
    0x66,0xa1,0xf1,0xf7,0x8f,0x68,0x5a,0x90,0x86,0x34,0xdc,0x99,0xc9,0xba,0x30,0xaa,
    0x67,0x52,0x6c,0x4e,0xb8,0xa8,0xaa,0x11,0x48,0x3c,0x51,0x92,0x1b,0x65,0xab,0xe7,
    0x57,0xd9,0x2f,0x02,0x3b,0xe4,0x20,0x01,0x90,0x27,0xce,0xf1,0x10,0xc7,0x04,0xf8,
    0xbb,0x4f,0xa0,0xe6,0x99,0x00,0xfa,0xb2,0x40,0x1f,0x08,0x80,0x33,0x4c,0xa7,0x14,
    0xd4,0x34,0xe4,0x88,0xc3,0x65,0x98,0x46,0xb9,0x6e,0xb3,0x50,0x3f,0x30,0x81,0x12,
    0xe6,0xcc,0xf4,0xe4,0xe7,0x48,0x0e,0x61,0xf1,0xd3,0x8d,0x38,0xc2,0x3d,0xe5,0xfe,
    0x7c,0xaa,0x66,0xaa,0xe0,0xe1,0x49,0xe9,0x25,0x11,0xe7,0x42,0x78,0x5b,0x11,0x20,
    0xdc,0x9a,0x76,0x87,0x78,0x26,0x40,0xe6,0xd5,0x53,0xff,0xce,0x7a,0x5e,0xe9,0x15,
    0x9c,0xb5,0x54,0x28,0x58,0xff,0x0d,0xac,0x63,0x97,0x3b,0xc0,0x7a,0x22,0x00,0xca,
    0x31,0xaf,0x0f,0x20,0x09,0xa6,0xa7,0xf2,0x95,0x9a,0xa3,0x23,0x43,0xcc,0x88,0x79,
    0xdd,0x9c,0xa4,0xad,0xfc,0x52,0x95,0x5e,0x45,0x87,0xc5,0xb4,0x3c,0x53,0x85,0xc6,
    0xfd,0xc8,0x67,0x02,0x74,0x25,0x02,0xe0,0x64,0xed,0xf6,0x25,0x00,0xf2,0xa7,0xb8,
    0xb8,0xd7,0x59,0xdc,0x8b,0xda,0xb6,0x64,0x56,0x2a,0xb2,0x13,0xaf,0x8b,0xab,0xf9,
    0x40,0x00,0xbc,0xcb,0xc4,0x7a,0xa2,0x8e,0x13,0xd6,0xd7,0x21,0xc8,0x44,0xfb,0xa3,
    0xa9,0xd8,0x3b,0x6e,0x0d,0xc9,0xe6,0x70,0xd0,0x1b,0x65,0xaf,0xbb,0x24,0x5c,0x1d,
    0x3b,0x01,0xa6,0x3e,0x87,0xfd,0xc1,0xef,0xf2,0x91,0x00,0x75,0x48,0xc8,0xef,0x9a,
    0xe0,0xdb,0x99,0x00,0xc1,0xdc,0xa8,0x98,0x4d,0x02,0x68,0x65,0xae,0xda,0xad,0x9e,
    0x3c,0x11,0x00,0xef,0x33,0xe3,0xaa,0x8c,0xc6,0x92,0x03,0x62,0xa5,0xb5,0xc8,0xf8,
    0x6a,0x6e,0xa4,0xf0,0xad,0x55,0x6c,0xf6,0xfc,0x37,0x09,0x2a,0xf5,0x1d,0x71,0x02,
    0x7c,0x9d,0x38,0xfa,0x1d,0x8d,0xf4,0x89,0x00,0x31,0x64,0x87,0xbb,0x93,0x45,0xb4,
    0xbc,0x40,0x80,0xe5,0x9e,0x83,0x39,0xa5,0x04,0xd0,0x7a,0xf8,0x97,0x00,0x64,0x99,
    0xae,0xdf,0xe9,0x03,0x01,0xf0,0x4e,0x53,0xeb,0xd5,0x21,0x86,0xc4,0x31,0xe9,0x86,
    0x35,0x5d,0x98,0x78,0x95,0x2a,0xd3,0x25,0x89,0x2d,0xb0,0x60,0xbf,0x2d,0x88,0xda,
    0x38,0x7b,0x9a,0x2f,0x04,0x08,0xfc,0x03,0xbf,0x65,0x52,0x43,0xcd,0x3f,0x78,0xcc,
    0xb0,0x7a,0x98,0x7f,0x1b,0x66,0x70,0x99,0xef,0x60,0x0d,0x4a,0x09,0xc2,0x0e,0x8b,
    0xd7,0x3d,0xfa,0x2d,0x28,0x08,0x10,0xb0,0xd3,0xbf,0x04,0x08,0x3e,0x24,0x78,0x85,
    0x7a,0x41,0x80,0xd0,0x58,0xde,0xb9,0x58,0xe2,0x66,0xdf,0x91,0xad,0x82,0x6c,0x47,
    0x77,0xb1,0xc5,0xfc,0x37,0x82,0x5d,0x39,0x93,0x6b,0xb8,0x3f,0x25,0x34,0xd9,0xb8,
    0x3a,0xfa,0x40,0x00,0xe2,0x29,0xac,0xf7,0xf4,0x53,0xff,0x9b,0x02,0x8a,0x69,0x76,
    0xae,0x49,0x0c,0x5b,0x1c,0x4a,0xa9,0x6c,0xed,0x96,0x6d,0x57,0x7f,0x48,0xf3,0x96,
    0x00,0xda,0xfd,0xfe,0x25,0x00,0xda,0xdc,0x40,0xc2,0x52,0x07,0x04,0xf0,0xbc,0xdb,
    0xa4,0xdb,0x76,0x96,0xce,0x28,0x9d,0x91,0x49,0x3f,0x2c,0x85,0x2e,0xbe,0xc1,0xcd,
    0xcc,0x85,0x2f,0xb0,0x7e,0x62,0x38,0x0c,0xe8,0x74,0xb4,0xd7,0x04,0x78,0xc2,0x81,
    0x14,0xe9,0x35,0xf6,0x13,0x97,0x52,0x43,0x30,0xdb,0x20,0xfd,0x40,0x10,0x6f,0x2f,
    0x3d,0x56,0x8c,0xf1,0x65,0x7b,0x47,0xe6,0x52,0xeb,0x8c,0x00,0xda,0x5f,0xfe,0x25,
    0x40,0x10,0x1e,0x02,0x56,0xfb,0x40,0x00,0x8f,0xfb,0xcd,0xba,0xf1,0x0f,0x5d,0x63,
    0x89,0xfc,0x45,0xf8,0xf1,0xe7,0x47,0x1c,0xd8,0x64,0x2e,0x50,0x83,0x70,0x5a,0xe2,
    0xd9,0xde,0x12,0xa0,0x1e,0xc9,0xfc,0xb5,0x32,0xc8,0x5f,0xfd,0x5f,0xd4,0x45,0xdc,
    0xd8,0x7f,0x54,0x78,0xd4,0x65,0x61,0x07,0xd7,0x3e,0x48,0xe5,0x6e,0x1a,0x45,0x2e,
    0x15,0xf6,0x85,0x00,0x77,0xfa,0x97,0x00,0xd4,0x10,0xd0,0xca,0x7b,0x02,0x78,0xdc,
    0x71,0xda,0x8d,0xc9,0x74,0x95,0x91,0xb2,0x95,0xb9,0xae,0x8f,0x61,0x4f,0xc1,0x3e,
    0x02,0x37,0x90,0x3b,0x5e,0x35,0x9c,0xc2,0xaf,0x8b,0x97,0x04,0xd8,0x6a,0x2b,0xb3,
    0xfd,0x90,0x83,0x22,0x00,0xe5,0xb5,0xcc,0x12,0xa0,0x80,0x39,0x28,0x76,0xd3,0x7c,
    0x21,0x80,0xf6,0x8b,0x7f,0x09,0x60,0x33,0x04,0x38,0x20,0x80,0xa7,0x3d,0xe7,0x8d,
    0x35,0x38,0x5d,0xa5,0x19,0x2e,0xbe,0x87,0x2e,0x66,0xdb,0xaf,0x04,0x96,0x2d,0x06,
    0xe3,0x32,0x6c,0x6c,0xba,0x58,0xd8,0x3b,0x02,0x1c,0xcc,0x09,0x02,0x38,0x12,0x01,
    0x34,0xad,0x62,0x9a,0x94,0x00,0x5d,0x8c,0x1f,0x0b,0x34,0xdf,0x08,0x50,0x37,0xd3,
    0xaf,0x04,0xa0,0x86,0x80,0xd6,0xde,0x13,0xa0,0x34,0xa3,0xad,0x6d,0x23,0x1f,0x2e,
    0x69,0xaf,0x56,0x62,0xd1,0x29,0x90,0x41,0x69,0x79,0x23,0xa5,0xea,0x63,0x5a,0xa6,
    0x08,0x58,0x8d,0x0a,0x17,0xe4,0x01,0x02,0x38,0x12,0x01,0x34,0x3a,0x50,0x81,0x26,
    0x80,0xe1,0x03,0x73,0xa5,0x98,0x8f,0x04,0x30,0xcd,0x50,0xfe,0x23,0x00,0x19,0x02,
    0xd6,0x78,0x4f,0x00,0xe2,0x89,0xed,0x76,0x3c,0x0a,0x90,0xd7,0xa1,0xba,0x60,0x8d,
    0x44,0x93,0xec,0x5e,0xea,0x31,0xf5,0xf1,0x26,0xd9,0x09,0xb4,0x37,0x2e,0xf1,0x0e,
    0xe9,0x9e,0xeb,0x04,0x70,0x28,0x02,0x64,0x61,0xd0,0x75,0x09,0x01,0xfe,0x93,0xbf,
    0x85,0x53,0x02,0x50,0xe3,0x8a,0x3f,0x08,0x40,0x0d,0x01,0x6d,0xbc,0x27,0x40,0x4f,
    0xea,0xf5,0xde,0x51,0xd4,0x99,0x2e,0xb7,0xe8,0x7d,0x42,0x8a,0x19,0x5f,0x8a,0xb2,
    0xd7,0xe4,0x6e,0x1b,0x7d,0xb0,0xcf,0x4f,0xc9,0xdc,0x26,0x40,0x37,0x67,0x22,0x80,
    0x31,0xd0,0x0d,0x9a,0xff,0x5f,0x6c,0x1a,0x27,0x04,0x3a,0x87,0x34,0xf5,0xd0,0x14,
    0xff,0x12,0x80,0x0c,0x01,0x6b,0xbd,0x27,0x40,0x38,0xc9,0xa9,0xa6,0x57,0x56,0xd4,
    0x21,0xfe,0xfa,0x7a,0x27,0xaa,0xf8,0x51,0x5d,0x1a,0x97,0x46,0x3c,0x01,0x97,0x71,
    0xd7,0xf9,0x59,0xa9,0xb6,0xbc,0xe5,0x53,0x00,0x00,0x00,0x00,0xdc,0x6a,0x2c,0xb2,
    0x75,0x79,0xb0,0x41,0xe1,0xc1,0x9b,0xe8,0xe1,0x79,0xfd,0x5b,0x95,0x1d,0x9f,0x1a,
    0xd4,0xe0,0xb9,0xa9,0x7f,0x1e,0xb9,0x92,0x9c,0x1e,0x7f,0x72,0xe7,0xdc,0x97,0x15,
    0xa1,0xd2,0x21,0x2d,0x46,0xfe,0xbc,0xf3,0xd4,0xf5,0xb4,0x2b,0x47,0xfe,0x59,0x36,
    0xee,0xd1,0xca,0x9c,0x2c,0x18,0xf5,0xc0,0x87,0xeb,0x0f,0x5e,0x4e,0x8b,0x3b,0xb4,
    0x6e,0x7c,0x5b,0x85,0x5b,0x57,0xe1,0xae,0x9f,0x6c,0x3c,0x14,0x9b,0x1e,0x77,0x78,
    0xf3,0x67,0xdd,0x8a,0x4a,0x8e,0x47,0x3e,0xf6,0xd9,0xca,0xe3,0xb1,0x29,0x69,0x71,
    0xc7,0x56,0x4e,0x1d,0x50,0x33,0x40,0xf9,0xb4,0x4d,0x3e,0xdb,0x95,0x98,0x1e,0xb7,
    0x65,0x3c,0x8a,0xee,0x2a,0xf0,0xec,0x2f,0x67,0x52,0x6e,0x9c,0xf8,0x6d,0x98,0x8d,
    0xca,0x25,0xea,0xc9,0x45,0xfb,0xe3,0x53,0xce,0x6e,0x18,0x53,0x4d,0x5d,0x27,0x72,
    0xc0,0xd2,0x13,0x49,0xa9,0x27,0xfb,0x1b,0x3f,0x70,0x0e,0x42,0xec,0x6a,0xd5,0x96,
    0x8f,0x8a,0xd6,0x44,0x7b,0x5f,0xf1,0x34,0x89,0x1e,0x23,0xff,0x4d,0x79,0x94,0x92,
    0x5f,0x09,0x90,0xef,0xf1,0xa5,0x69,0xcc,0xa3,0xb9,0xdd,0xb1,0xb6,0x3c,0xef,0xc4,
    0x2a,0x56,0xf0,0xa9,0x9f,0xae,0xb3,0x53,0xe6,0xd1,0x57,0xc2,0xc4,0x5a,0xa3,0xcf,
    0xb2,0x95,0xda,0xd2,0x47,0xcb,0x7f,0x76,0x93,0x3a,0x74,0x7a,0x90,0x84,0x02,0xd5,
    0x66,0xa4,0xd2,0x39,0x1b,0x66,0xd5,0xe0,0x65,0xee,0x29,0xc9,0xcc,0xf5,0xaf,0xcc,
    0xe9,0x4a,0x96,0x8d,0xc1,0xd8,0xdf,0x40,0x2b,0x8e,0xe3,0xfe,0x32,0xa6,0xb8,0x55,
    0x52,0x81,0x2f,0x60,0x63,0x67,0x02,0x1b,0xfc,0x9c,0x82,0xcf,0x09,0x1d,0x83,0xdf,
    0x30,0x7d,0x6a,0x98,0xbc,0x8e,0xd6,0xeb,0x8a,0xf9,0xe7,0xf8,0x6c,0x10,0x00,0x67,
    0x41,0x58,0x28,0x91,0x6b,0x13,0xf3,0xe7,0x14,0x01,0x02,0xdb,0xcf,0xbc,0xc6,0x3f,
    0x9a,0xe9,0x8f,0x97,0xfe,0x6b,0xf7,0x70,0x4f,0x67,0xcf,0x95,0x48,0x4d,0xfb,0xf9,
    0x70,0xf9,0x9e,0xd7,0xf8,0x2a,0x14,0x01,0x02,0x46,0xa5,0x73,0x07,0x0f,0xf0,0x1f,
    0x5a,0xd0,0x84,0x4c,0xde,0xa4,0xf4,0x1e,0xa3,0xb2,0x6d,0x74,0x45,0xb7,0x71,0x0d,
    0x21,0x04,0x68,0x4c,0x9b,0xa6,0xb6,0x46,0x6b,0x91,0xcb,0xe9,0x33,0x3e,0x95,0x76,
    0x6e,0x85,0xdd,0x74,0x9d,0xb5,0x11,0x52,0x02,0x7c,0xcc,0xc6,0xc0,0xe0,0xee,0xae,
    0xef,0x15,0x01,0x3a,0x51,0xfe,0x53,0x08,0xab,0x18,0xc7,0x6a,0xff,0x13,0xa0,0xfe,
    0xc4,0xb3,0x92,0x47,0xc3,0x7b,0x7d,0x25,0xce,0xe9,0x18,0xe8,0x35,0x01,0xf4,0x78,
    0x66,0x43,0xa5,0x90,0x6f,0xc4,0x1a,0x84,0x00,0xf9,0x97,0x8a,0x47,0x13,0x58,0x83,
    0x5e,0xcc,0x6a,0xc9,0x3d,0x56,0x53,0x66,0xd2,0x72,0xd7,0x74,0x47,0x04,0xf8,0x92,
    0x35,0x4d,0x2e,0x0d,0x5d,0xcb,0x9e,0xd2,0x4b,0xd2,0xb9,0xd3,0x2e,0xb2,0x75,0xa6,
    0xc8,0x08,0x40,0xe2,0x49,0x39,0x02,0xd4,0xf3,0x8a,0x00,0x38,0xa0,0x7a,0x80,0xa8,
    0x46,0x6b,0x94,0x13,0x04,0x28,0xf7,0x0a,0xed,0x54,0x2d,0x23,0x80,0xdb,0x4b,0xe3,
    0xe3,0x3b,0xbc,0x25,0x80,0x7e,0x88,0x1e,0xc5,0x67,0xe9,0x36,0x04,0xa0,0x42,0x71,
    0x68,0xcb,0x1f,0xed,0xe1,0x1f,0x2c,0xf7,0xaf,0x58,0x45,0xac,0x83,0x8b,0x75,0x67,
    0x04,0xe0,0xb1,0x85,0x27,0x6e,0x84,0xd8,0xb9,0x82,0x87,0x74,0x7d,0xb1,0xce,0x8f,
    0x99,0x5c,0x7a,0x06,0x1f,0x09,0x80,0x2d,0x9a,0x7f,0xe1,0x92,0x51,0x42,0x80,0xad,
    0xdf,0x08,0x50,0x70,0xc0,0x3a,0x26,0x60,0x2a,0xa5,0x1c,0x75,0xf0,0x30,0xf3,0xd2,
    0xff,0xbd,0x56,0xc1,0x3b,0x02,0xd0,0xfe,0x9b,0xaf,0xe8,0x76,0x04,0x98,0x20,0x3f,
    0xff,0x18,0x65,0xd2,0xfd,0x54,0xd1,0x15,0xd8,0x73,0xaf,0x70,0x86,0x8f,0x04,0x10,
    0xd0,0xdf,0x33,0x01,0xe8,0x1c,0x1f,0x92,0x3a,0x1c,0x01,0xea,0x7a,0x47,0x80,0x52,
    0xd6,0x6c,0xe8,0xc2,0xed,0x8d,0x92,0x5c,0x0d,0xf2,0x33,0x01,0xc2,0xba,0x2e,0x66,
    0x9e,0x3e,0xfd,0xf7,0x3e,0x8c,0x15,0x3d,0xe4,0x81,0x6f,0x99,0x61,0xd5,0xb5,0x61,
    0x50,0x8c,0x8a,0x00,0xfb,0x26,0xf5,0x69,0x5e,0x3a,0x3a,0x28,0xac,0x58,0x93,0x61,
    0xbb,0x50,0x7d,0x12,0x04,0x57,0x96,0xdc,0xe7,0xbf,0xa1,0x75,0x0a,0x86,0x16,0x6b,
    0x3e,0x6c,0x6d,0x26,0x26,0x40,0x65,0x3c,0xff,0xaf,0xe8,0x52,0x3c,0xa4,0xd8,0x63,
    0xd8,0x38,0x4a,0x14,0xa7,0xb5,0xf1,0xe7,0x75,0xb8,0x4f,0xe9,0xd0,0x52,0xbd,0xb0,
    0x4e,0x2a,0xb3,0x06,0x6d,0x77,0x73,0x8b,0x8f,0x83,0x6b,0xe5,0x0f,0x2a,0x50,0xaa,
    0xf9,0xd3,0x1f,0x6d,0x4d,0x57,0x10,0xe0,0xc6,0xcb,0xe5,0x43,0xab,0xd0,0x53,0x52,
    0xfc,0x73,0xa5,0xc3,0xea,0xe3,0x8c,0x66,0xcb,0xa5,0x9d,0xbb,0xa8,0x75,0x74,0x81,
    0xfb,0xb0,0xc7,0xd1,0x65,0x69,0x9d,0xb8,0x37,0x1b,0x44,0x47,0x54,0xef,0xfc,0xc5,
    0x2b,0x6c,0x77,0xd7,0xf6,0x8e,0x00,0xd8,0x83,0xee,0x0d,0x34,0x43,0xa3,0xe7,0x2e,
    0xe0,0x4f,0x02,0x04,0xb4,0xfe,0xfa,0x2a,0xdd,0xbb,0x19,0xab,0x06,0x48,0xd6,0x40,
    0x61,0x0f,0xff,0xc0,0x44,0xdf,0xa7,0x2e,0xe9,0x26,0x8a,0xf7,0xda,0xc7,0x13,0xe8,
    0x88,0xfc,0xc0,0x2f,0x84,0x20,0x9e,0x19,0x98,0x43,0x6f,0x60,0x69,0xa2,0xc2,0x37,
    0xc8,0xbb,0xec,0x5b,0x4e,0xef,0x18,0x8a,0x54,0x79,0xd7,0x30,0xdf,0x16,0x60,0xf9,
    0xcb,0x94,0x48,0xc3,0xb1,0x73,0xd9,0x7c,0xab,0x86,0x95,0xc6,0x2a,0x83,0xda,0xd4,
    0x3b,0x7f,0xb7,0x1f,0xc6,0x48,0x08,0x90,0x64,0x24,0x8a,0x0a,0x20,0xe6,0xdf,0x04,
    0x83,0x44,0xf9,0x4e,0xda,0x75,0xae,0x69,0x9e,0x8e,0xc2,0x83,0x62,0x79,0x49,0x9d,
    0xbf,0xd9,0x15,0x53,0x5b,0xde,0xb9,0xc9,0x29,0x01,0x50,0xaa,0x33,0x94,0x61,0x17,
    0x65,0x43,0x9c,0xe1,0x47,0x3d,0x40,0xed,0xf7,0x98,0x3c,0x77,0xae,0xbf,0x9e,0x57,
    0xc6,0xca,0x46,0x3c,0xbe,0x98,0x59,0x5d,0x25,0xcc,0xb8,0xdb,0x5e,0x24,0xd4,0x22,
    0x93,0xb9,0x30,0xbe,0x28,0x6c,0x95,0x78,0x4d,0x52,0x3d,0x26,0x83,0x7f,0xc1,0xa8,
    0x58,0xce,0xca,0x5b,0x04,0x0d,0x00,0x09,0x68,0xf5,0x5f,0x1c,0xad,0xca,0x32,0xad,
    0x94,0x0c,0x63,0x2c,0x81,0x55,0xb5,0xf8,0x27,0x04,0x78,0x8b,0x9d,0x58,0x8d,0x05,
    0x9c,0x1b,0x38,0x99,0x49,0x51,0xb1,0x73,0x91,0x2f,0xea,0xf3,0x4c,0x1e,0x03,0xb6,
    0x0e,0x1f,0x39,0x8d,0xbb,0xbb,0xba,0x97,0x04,0x08,0x3c,0xcd,0xb8,0x4e,0xe3,0xd8,
    0xba,0xa6,0xfe,0x22,0x40,0xa9,0x91,0xbb,0xd8,0xa8,0x90,0x11,0xa5,0xed,0x2f,0x58,
    0xe0,0xa9,0x5f,0xe8,0x15,0xb8,0x7e,0xe6,0x83,0x7a,0xb6,0xf5,0x91,0x4f,0xf2,0x68,
    0xeb,0x37,0xde,0x53,0x62,0xa7,0x8c,0x3a,0x48,0xd7,0xef,0x12,0x63,0x13,0xd1,0x0e,
    0xd6,0xd8,0xf1,0xe3,0x03,0x5c,0x65,0x12,0x67,0x1f,0x40,0x59,0x24,0x5f,0x0a,0xf0,
    0x40,0x00,0xb4,0xed,0x19,0x76,0x9a,0xbb,0x61,0xc5,0x91,0x74,0x41,0x05,0x55,0xc5,
    0xce,0x45,0xa3,0x38,0xce,0x7f,0xdd,0x43,0xac,0xc3,0x07,0x92,0xb4,0x15,0xae,0x27,
    0x23,0x80,0x0c,0x6f,0x33,0xb1,0xa9,0x68,0x5d,0xb8,0xcb,0x4f,0x9a,0xc0,0x27,0x57,
    0x31,0xeb,0xe9,0x1d,0xa3,0x1d,0x99,0x9e,0x0a,0xf6,0x5d,0xc1,0xac,0xd4,0xf7,0x8c,
    0xe2,0xb4,0x03,0x0d,0x47,0xcd,0xda,0x7c,0x32,0x96,0xd5,0xc4,0xa0,0xad,0xa9,0x70,
    0xe8,0x46,0x1f,0xd9,0xa5,0x51,0x76,0xe7,0xfd,0xa4,0x08,0xf5,0x66,0x1c,0x6f,0x9c,
    0x22,0x1f,0xc1,0x9d,0xdc,0x92,0xac,0x33,0xfa,0x7d,0x7c,0xd6,0xa8,0xae,0x75,0xf2,
    0xa9,0x09,0x80,0x4c,0xf2,0x77,0xf0,0xb6,0xa4,0x26,0xa2,0xe3,0x69,0x0a,0xff,0x79,
    0xe2,0x74,0x4a,0xcf,0x0a,0x75,0x12,0xf2,0xa9,0x08,0x50,0xc5,0x5b,0x02,0x94,0xb5,
    0x7a,0xe8,0x8a,0xb1,0x8e,0xfa,0xce,0x3a,0xe9,0x39,0x3f,0x11,0x80,0x5e,0xd2,0xee,
    0x7b,0xb3,0xaa,0x73,0x6d,0x41,0x91,0x41,0x6b,0x32,0x15,0x0b,0xc6,0x7c,0x23,0x4f,
    0xcb,0x64,0x65,0xa4,0xb7,0xc0,0x4b,0xf8,0x92,0xb2,0xeb,0xae,0xb1,0x91,0xc8,0xad,
    0x51,0x15,0x2d,0xd5,0x33,0x88,0x00,0x12,0xe9,0x62,0x9d,0x41,0xa2,0x19,0x7e,0xba,
    0x8e,0x2c,0x18,0x5e,0x5b,0x4e,0x00,0xe4,0x31,0x8e,0xe3,0x04,0xc7,0x5b,0x05,0x75,
    0x51,0x41,0x73,0xa1,0x73,0xb1,0x0b,0x53,0x34,0x37,0x6d,0x50,0x75,0x7e,0xd7,0xfc,
    0x46,0x00,0x1c,0x0e,0xe0,0xce,0x8f,0x16,0x69,0x09,0x61,0x37,0xa3,0x6d,0x4f,0xb9,
    0x68,0xbb,0xb2,0x91,0xae,0xee,0x0f,0x8d,0xad,0xed,0xad,0xba,0xb8,0xc4,0xd0,0x8d,
    0x2e,0xc9,0x35,0xeb,0x9e,0x92,0xdf,0x76,0xb6,0x75,0x7c,0xb7,0x28,0x5e,0x51,0xd8,
    0x63,0xf3,0xe0,0x96,0x31,0x02,0x49,0xdf,0x67,0x24,0xef,0x81,0x12,0x4d,0x88,0x9a,
    0xa6,0xfd,0x83,0x43,0x24,0x04,0x78,0x9d,0x37,0x0d,0x0f,0xe2,0x87,0x04,0x91,0x00,
    0x6f,0xa1,0x82,0x70,0x35,0x01,0x3e,0xf4,0x23,0x01,0x1e,0xa2,0x9c,0x9a,0x9e,0x72,
    0x16,0x1b,0xe2,0x35,0x01,0xe2,0x7d,0x74,0x7d,0x6f,0xb4,0x4f,0xb8,0x66,0x9d,0xab,
    0xba,0x3d,0x01,0x90,0x14,0x23,0xcf,0x7d,0x74,0xde,0xe6,0xc1,0x9b,0xb1,0x55,0xfe,
    0x93,0x08,0x1a,0xa7,0x11,0x39,0x4f,0x8a,0xa7,0xef,0x2d,0x2f,0x12,0x60,0x18,0x3f,
    0x9a,0x23,0x97,0x9b,0xe6,0x6a,0x02,0x60,0xb7,0x88,0x50,0x35,0x01,0x5e,0xf1,0x4c,
    0x80,0x0e,0x4e,0x09,0x10,0x7c,0xce,0x0a,0x76,0x88,0x26,0xbe,0x54,0xcd,0x35,0x7f,
    0x8f,0x00,0xbb,0x5f,0xab,0xe2,0x6d,0xef,0x17,0x1e,0xb0,0x2a,0x43,0xb8,0x66,0xe0,
    0x16,0x3d,0xc7,0x08,0x60,0x05,0x21,0x5c,0x10,0xc5,0x04,0x4c,0x80,0x53,0xa8,0xa0,
    0xca,0x3f,0xe2,0xf9,0x07,0x0b,0x48,0x8c,0x41,0x1c,0x01,0xba,0x79,0x26,0xc0,0x10,
    0xe5,0x55,0x24,0x75,0x04,0x02,0x60,0xa3,0xd5,0x23,0x4e,0x09,0xa0,0x8d,0xc7,0xd6,
    0xbf,0x92,0x19,0xbc,0x52,0xc5,0x6f,0x04,0xc8,0xc2,0xf6,0x51,0x15,0x9c,0xf7,0x7e,
    0xc1,0xa7,0x7f,0x4f,0x97,0x5d,0x13,0xbb,0xed,0xa6,0x7e,0xde,0xba,0x88,0x61,0x9e,
    0x39,0xe8,0xb7,0x29,0xe0,0x2e,0xe7,0x53,0x40,0x56,0xef,0xf4,0xd9,0x26,0x5c,0xe0,
    0xcd,0x3c,0x40,0x00,0x6c,0x0d,0x1c,0xe1,0x98,0x00,0x15,0x5c,0x28,0x9c,0xf6,0x25,
    0x45,0xd0,0x90,0xef,0x04,0x78,0x6a,0x75,0x26,0xbb,0x06,0x2c,0xe3,0xa4,0xf7,0x0b,
    0x3c,0xb5,0x8c,0x59,0x09,0xee,0x19,0x1d,0xce,0xaf,0xd9,0x32,0xda,0xa1,0x92,0x33,
    0x1c,0x01,0x9c,0x09,0x81,0xbf,0xa9,0xef,0xee,0x40,0x08,0xb4,0xe4,0xe7,0x7e,0xd3,
    0x37,0x31,0x13,0xd2,0x89,0xdc,0x23,0x40,0x2b,0x21,0x90,0x62,0xbe,0x63,0x02,0xa0,
    0x81,0xdf,0x55,0xc1,0x5a,0xb1,0x27,0x15,0xf4,0x1b,0x01,0x34,0xad,0xf4,0xcb,0xbb,
    0x59,0x0d,0xef,0x90,0x12,0x1e,0x34,0x3b,0x4f,0xfc,0xc4,0xac,0xef,0xce,0x7c,0x48,
    0x19,0x43,0xb4,0x6d,0xbc,0x07,0x5e,0x64,0x3a,0x47,0x00,0xfb,0x65,0x20,0x52,0x1c,
    0x5e,0x52,0xeb,0x97,0xbe,0xf2,0xbc,0x0c,0xa4,0x50,0xa8,0x51,0x8f,0xcf,0xb0,0x69,
    0xb8,0x6c,0xae,0x11,0x00,0x69,0x70,0xf5,0x27,0x91,0x04,0x99,0xe8,0x4c,0x11,0x44,
    0x2b,0x47,0x7e,0xb0,0xfe,0x9d,0xe3,0x67,0x8f,0xa0,0x3a,0xef,0x33,0x82,0x7b,0xe6,
    0x9a,0x41,0x4a,0xc7,0x8f,0x7c,0x5d,0x7f,0xbc,0xc9,0x68,0x02,0xbf,0x69,0xc7,0xf6,
    0x14,0xba,0xd2,0xc7,0xa8,0xe0,0x09,0x5e,0x06,0xc0,0x8a,0xa0,0x1d,0x01,0x36,0x8a,
    0x20,0x6e,0x5b,0x11,0x1a,0x0e,0x14,0x41,0x1c,0xca,0xc4,0x71,0xbd,0x79,0xeb,0x09,
    0x80,0x93,0x5f,0xa2,0x64,0x18,0x6f,0xea,0xce,0x09,0x10,0xc2,0x7d,0xd1,0x77,0xfa,
    0x99,0x00,0x9a,0x16,0xd0,0x66,0x3a,0x33,0x56,0xa6,0xaf,0xe8,0x27,0xb1,0xf4,0x84,
    0x75,0x99,0xc7,0xf8,0xfa,0xa4,0x2e,0x7d,0x2c,0x9f,0x6a,0xf0,0x41,0x8e,0xb3,0x11,
    0x07,0x78,0x02,0x44,0xa5,0x3b,0x52,0x05,0xef,0x63,0x23,0xc6,0x02,0x1e,0xc2,0xce,
    0xcc,0x44,0x15,0x5c,0x44,0xa5,0x0a,0xe6,0xf1,0x07,0xe7,0x5f,0x7c,0xeb,0x09,0x10,
    0x88,0x3e,0xf8,0x44,0x73,0x31,0x7b,0x4f,0xaa,0x17,0x04,0xb0,0x92,0x65,0xea,0x12,
    0xe9,0xd7,0x8f,0xd6,0xc0,0x47,0x7f,0x62,0xac,0x81,0x69,0xcb,0x7b,0x47,0x31,0x2c,
    0xbc,0x6f,0x76,0x02,0x33,0x57,0x6c,0x7c,0x56,0xd6,0xda,0x68,0x5d,0x98,0x64,0xbe,
    0x56,0xbe,0xa5,0xc2,0x2a,0x80,0x32,0x06,0xbd,0x8e,0x47,0x8f,0xe2,0x53,0x11,0xab,
    0xf1,0xf6,0x20,0x6b,0x28,0x83,0x44,0xe5,0x57,0xb2,0x44,0x49,0x4d,0x30,0x06,0xad,
    0x51,0x19,0x83,0x4a,0x6f,0x1d,0x41,0x87,0x87,0x14,0xba,0x64,0x1d,0xbf,0x23,0xd7,
    0x08,0x80,0x25,0x17,0xfd,0x5c,0xcf,0x98,0xf0,0xfa,0x9f,0x64,0xe8,0xde,0x10,0xa0,
    0x0a,0x63,0xa6,0x1f,0x9e,0x23,0x04,0x70,0x4b,0xf6,0x03,0xd7,0x3b,0xf6,0x07,0x78,
    0x5d,0xb1,0x62,0x40,0xd3,0x94,0x7e,0x69,0x48,0x95,0xb0,0x12,0xbd,0x0e,0x8a,0xcb,
    0x40,0xad,0x1c,0x21,0xda,0xfe,0x21,0xb5,0xa2,0x42,0x8a,0x34,0x1c,0xb0,0x24,0x0d,
    0x9b,0x83,0xab,0xe2,0x01,0xe2,0xea,0xc7,0xed,0x8b,0x87,0x44,0x94,0x69,0xd8,0xe7,
    0x33,0xd3,0x24,0x4c,0xa6,0x2c,0xfc,0x94,0x87,0x7a,0x97,0x0e,0x2d,0x49,0x99,0x83,
    0x6b,0x51,0xfd,0x79,0x6c,0xf6,0xb0,0xfb,0xab,0x17,0x8b,0x08,0x8c,0xac,0xf9,0x2c,
    0xca,0xf5,0x91,0x59,0x38,0xf7,0x08,0xf0,0x82,0x13,0x99,0x4c,0x99,0x04,0x86,0xf6,
    0x80,0x4a,0x2e,0x94,0x53,0x04,0x70,0x77,0xce,0xab,0x4e,0x3c,0x82,0x26,0xa9,0xbd,
    0x91,0x7a,0xe9,0x9e,0xf4,0x00,0x28,0xcf,0x87,0xca,0x21,0xe4,0x3d,0xd5,0x05,0xc8,
    0x4d,0xa6,0x28,0x6a,0x7c,0x26,0x68,0xe9,0x59,0xfc,0x95,0x7b,0xab,0x00,0x2d,0xfa,
    0x7a,0x76,0x08,0xd0,0x9d,0xaa,0x3f,0x57,0xcb,0x41,0x02,0x64,0xa1,0xc1,0x47,0xe7,
    0xec,0x08,0x70,0xfd,0xdb,0x4e,0x76,0x01,0xf3,0xa1,0xbc,0x0a,0xee,0xef,0xa3,0x02,
    0x01,0xec,0x5d,0xc2,0x02,0x7f,0xf6,0x48,0x80,0x90,0xb5,0xd2,0x0a,0x24,0x95,0x93,
    0x82,0x00,0x5d,0x73,0x91,0x00,0xcc,0xde,0x67,0xee,0xef,0xf8,0x3d,0x6f,0x08,0x10,
    0x4a,0xf9,0xb8,0xb6,0xce,0x61,0x02,0x64,0x75,0x41,0x87,0x59,0x2a,0xaf,0xe0,0xe5,
    0x3d,0x3c,0x79,0x05,0x3f,0xc0,0xba,0xeb,0x5e,0xac,0x70,0x50,0x24,0x40,0xc8,0x4c,
    0x3b,0xa7,0xd0,0x88,0x9f,0x3d,0x11,0x40,0x2b,0xb4,0x4e,0x72,0x7c,0x1d,0x19,0x1a,
    0xe5,0x04,0x98,0xa7,0xe5,0x26,0x01,0x88,0xec,0x63,0xc4,0x08,0xb6,0x6c,0xeb,0x0d,
    0x01,0x88,0x93,0xb1,0x2c,0xa5,0x96,0xbf,0x09,0xe0,0x96,0xab,0x9e,0x58,0x26,0xc6,
    0x05,0xfc,0x3d,0xc4,0x49,0x5c,0xc0,0x73,0x34,0x03,0xce,0xd7,0xd3,0x24,0x04,0xd0,
    0xb4,0x27,0x13,0x6d,0xdc,0xc2,0xb5,0x17,0x44,0xd7,0xba,0xf4,0x1f,0x9a,0xd1,0xe7,
    0x07,0x7d,0xe0,0xe2,0x5d,0x33,0x27,0x52,0x03,0x93,0x94,0x00,0x5f,0x07,0xe7,0x2e,
    0x01,0xb4,0x97,0xf1,0x4b,0x67,0xce,0x2c,0xa2,0x79,0x47,0x80,0xea,0xf8,0x35,0x5e,
    0xbc,0x25,0x04,0x70,0xab,0xfa,0x9f,0xdb,0x4c,0xc7,0x02,0xfd,0x35,0xc6,0xa9,0xb1,
    0xa0,0x03,0xd9,0x8c,0xe1,0xd7,0xd2,0x9a,0x9c,0x00,0x5a,0xcc,0xab,0xe7,0x6c,0x02,
    0x43,0x4a,0xbd,0x1b,0xc7,0x74,0xee,0xd6,0x57,0x04,0x0d,0x65,0xcd,0x59,0x74,0x1e,
    0x85,0xf4,0x6f,0xd9,0xf4,0x96,0x0d,0xde,0xdc,0xc6,0xf9,0x85,0x6e,0x68,0x2b,0x33,
    0x07,0xdf,0x52,0x02,0x68,0x45,0x46,0xfc,0x7e,0xea,0xe6,0xcd,0xa3,0x2b,0x87,0x95,
    0xd1,0x6e,0x1d,0x7c,0x26,0x80,0xef,0x08,0xee,0x31,0xf7,0x48,0x62,0x7a,0xfc,0xb6,
    0xc9,0x4d,0xec,0x6a,0x85,0xb4,0x1c,0xb5,0x74,0xf7,0x99,0x1b,0x69,0xb1,0x47,0xb7,
    0xff,0x32,0xe1,0xb1,0xaa,0x9c,0x56,0x28,0xdf,0xdd,0x6f,0xfe,0xbe,0xf7,0x5c,0x52,
    0xea,0xe5,0xc3,0x7f,0x4e,0xec,0x29,0xf7,0x51,0x2a,0xd2,0xed,0xb3,0xcd,0x47,0xe2,
    0xd2,0xe3,0x8f,0x6e,0x99,0xf2,0xb8,0x24,0x6f,0x42,0xfe,0x76,0xaf,0xce,0xde,0x70,
    0xea,0x6a,0x5a,0x5a,0xfc,0xe9,0x0d,0xd3,0x07,0x97,0xd1,0xfe,0x57,0x91,0x0b,0x04,
    0x00,0x00,0x01,0x00,0x00,0x00,0x00,0x90,0x0b,0xa8,0x87,0x8c,0x0e,0x68,0x55,0x64,
    0x05,0x49,0xec,0x44,0x15,0xbe,0xa2,0xed,0x75,0x43,0x45,0xfd,0xf2,0x68,0x36,0x2a,
    0xaa,0xad,0x7c,0x51,0x3e,0x57,0xa6,0x22,0xf4,0x68,0x7b,0xb6,0x41,0x45,0x6c,0x7d,
    0x7a,0x86,0xbd,0x02,0x4e,0x8c,0x57,0x82,0x77,0xdb,0xb2,0x85,0x77,0xb5,0xff,0x1f,
    0x21,0x00,0x75,0x08,0x12,0xc1,0x2d,0xb5,0x4a,0x26,0x6a,0xe0,0x43,0x8c,0xbd,0x15,
    0x45,0x51,0x26,0x23,0x9f,0xd0,0x86,0xa9,0x6c,0x17,0xfb,0x99,0x00,0x95,0x87,0xff,
    0x76,0xec,0x7a,0xca,0xe9,0x3f,0x5e,0xe7,0xb4,0xc9,0x4f,0x25,0x54,0x01,0x02,0xf8,
    0x07,0xf3,0x99,0xf8,0x25,0x2d,0x00,0x05,0xd6,0x74,0x61,0x1b,0x26,0xd5,0x4c,0x97,
    0x50,0xf0,0x04,0x0a,0xd3,0x30,0x9d,0x66,0xc3,0xd1,0x36,0x89,0x07,0xf3,0xe7,0x00,
    0x01,0xea,0x2d,0x21,0xfa,0x9b,0x63,0x6f,0x55,0x22,0xcb,0xf6,0x3f,0xa9,0x9a,0x40,
    0x80,0xec,0xa1,0x1f,0xeb,0x93,0x83,0xa6,0x04,0x94,0x55,0x0d,0xe5,0x8e,0x5f,0x6f,
    0x55,0x6f,0x8a,0xf4,0x29,0xef,0x19,0x3f,0x91,0xbf,0x4e,0x32,0x0a,0xf7,0xf1,0x23,
    0x01,0x22,0x3f,0xe5,0x94,0x33,0xdb,0xc7,0x77,0x2a,0x15,0x52,0xb8,0xfe,0xf0,0xf5,
    0x4c,0x4d,0x20,0x40,0xf6,0x50,0x16,0xb9,0x4b,0x98,0xc6,0x76,0x3c,0xcb,0xef,0x60,
    0x45,0x00,0xec,0x20,0x89,0x9c,0x13,0x33,0xdd,0x16,0x79,0xbc,0x21,0x1f,0x4e,0x48,
    0xe0,0x47,0x02,0xfc,0xeb,0xac,0x26,0x10,0x20,0x9b,0x40,0x96,0xfb,0x86,0xcc,0x24,
    0xaf,0x67,0x16,0x64,0x44,0x80,0x16,0xb8,0x3e,0xca,0xb1,0x7a,0xbc,0x80,0x56,0xf4,
    0x22,0xe7,0x59,0xa1,0x24,0xc0,0x37,0x3e,0x10,0xe0,0x22,0x10,0xe0,0x96,0x60,0x2a,
    0x2d,0xd8,0x07,0x10,0x3b,0xa2,0x3b,0xb4,0x08,0xef,0xbb,0x9e,0x40,0x4c,0x27,0x85,
    0x4e,0xe1,0x4e,0x45,0x5c,0x38,0xa4,0xc8,0x3f,0x84,0x63,0x66,0x0f,0x96,0xf0,0xe1,
    0xc1,0x6c,0x09,0x70,0xad,0x04,0x10,0xc0,0x4f,0x40,0x11,0x07,0x3f,0xbb,0x7f,0xd4,
    0xe1,0x12,0x64,0x20,0x11,0x60,0x09,0x75,0x42,0x0b,0xe4,0x84,0x83,0x76,0xf6,0x4d,
    0xae,0x2f,0xbf,0x32,0xf6,0xe4,0x38,0x5a,0x5a,0xf3,0x91,0x00,0x27,0x27,0xb6,0x2a,
    0x13,0x52,0xe4,0xae,0x91,0x7f,0x72,0x79,0xa0,0x56,0x94,0xf7,0x78,0x3a,0x0a,0xd7,
    0x4b,0xb5,0x62,0x2b,0xec,0x1d,0x47,0xfe,0x87,0x09,0x50,0xd0,0x12,0xb5,0xe2,0xdc,
    0xf6,0x15,0x23,0x86,0xdd,0x65,0xf8,0x93,0x6f,0xa7,0x45,0x00,0xc6,0x5c,0x35,0x8a,
    0x6b,0x42,0x45,0xf6,0x91,0x17,0xd1,0xf1,0x93,0xe5,0x34,0xdf,0x08,0x70,0xbe,0x17,
    0x1e,0x78,0x0a,0x0d,0xa4,0x62,0x88,0x76,0x3d,0xe4,0xe0,0xf4,0x11,0x5c,0xae,0x0c,
    0x20,0x80,0x0a,0x5b,0xa9,0x74,0x34,0x0b,0xcc,0xb8,0x5f,0x23,0x90,0x22,0x9a,0x12,
    0x01,0x98,0xb4,0x7a,0x01,0xbf,0x31,0x2d,0xa8,0x48,0x85,0x8b,0xf3,0x21,0x9c,0xa9,
    0xe4,0xdb,0x73,0x5d,0x9c,0xc7,0xc6,0xb4,0x56,0x18,0xba,0xe8,0xf0,0xcd,0xd4,0x33,
    0x1b,0xc7,0x35,0x77,0x74,0xba,0x15,0x25,0xbb,0x33,0xd8,0x11,0x01,0xfe,0x97,0x31,
    0x81,0xfa,0xca,0x8d,0x79,0x77,0xaa,0x19,0x97,0xf2,0x00,0x11,0x01,0xb8,0xfc,0xc8,
    0x45,0xe8,0xac,0x8d,0x47,0xe4,0xd9,0x67,0x06,0xa0,0x25,0xfc,0x85,0xaa,0x3e,0x3e,
    0x57,0x8f,0x6c,0xbd,0x95,0xb5,0x69,0x56,0x3a,0x8e,0xad,0x02,0x02,0xa8,0x70,0xb7,
    0xd5,0x12,0x0b,0xad,0x9d,0x29,0xf4,0xc7,0x43,0x8d,0xbd,0x53,0x26,0x12,0x11,0x60,
    0x36,0x77,0x4a,0x2b,0xb2,0x42,0x4f,0x91,0x6f,0x92,0xd6,0x1b,0xf5,0xff,0xe5,0x9a,
    0x5e,0x88,0x76,0x7a,0x15,0xbf,0xbd,0x95,0x15,0x5c,0x35,0x16,0xfa,0xd7,0x23,0x42,
    0xad,0xe0,0x9d,0x4b,0xc8,0x13,0xb1,0x84,0x19,0x72,0xb7,0x8d,0x88,0x00,0x4f,0xf2,
    0xe7,0x90,0x3d,0xb7,0xdf,0x96,0x7f,0xbd,0xc8,0xd1,0x2b,0xae,0x9e,0x96,0x3b,0x04,
    0x30,0xb7,0x12,0xdc,0x1b,0x0a,0xfd,0xeb,0x19,0x7f,0xe0,0x8c,0x54,0x3f,0x58,0x81,
    0xd8,0x46,0xd6,0xa4,0x8c,0x02,0x58,0x04,0xe0,0x57,0x71,0xd1,0xc7,0x88,0x8a,0x56,
    0x96,0x7c,0xe2,0x51,0x24,0xb4,0x5f,0xbd,0x43,0xcb,0x25,0x02,0x6c,0x36,0x5e,0xa1,
    0x09,0xf4,0xae,0x03,0x8c,0xc4,0xb9,0x6b,0xce,0x5b,0xc9,0x59,0xda,0x18,0xbf,0xef,
    0x47,0x22,0x80,0x10,0x5f,0xbe,0x90,0xea,0x33,0xc9,0xf6,0x3a,0x9d,0x91,0xbe,0x38,
    0xb1,0x99,0x96,0x4b,0x04,0x30,0x23,0xca,0xde,0x87,0xce,0x75,0x02,0xb4,0xfd,0xec,
    0xf7,0xa6,0x2f,0x69,0x4f,0x4d,0x0b,0x33,0x02,0x7a,0x3f,0x40,0x22,0xc0,0x64,0x95,
    0x80,0xcf,0xe4,0x63,0xc3,0xb8,0x17,0xf9,0x3a,0xde,0xb8,0x53,0xcb,0x2d,0x02,0x18,
    0x69,0xbb,0x0e,0xe6,0x83,0xce,0x75,0x82,0x00,0x6b,0x5b,0xe6,0xf3,0x03,0x8d,0x7f,
    0xdc,0x5a,0x1b,0xc3,0x91,0x7e,0x2b,0x12,0x01,0x1e,0x60,0xeb,0x37,0x64,0xdd,0xb0,
    0x53,0x1a,0xb0,0x87,0xdb,0xa1,0x70,0xf0,0xa4,0xb6,0x5a,0xae,0x11,0x00,0xe0,0x0d,
    0x50,0x84,0x9e,0x11,0xad,0x7f,0xc4,0x5d,0x62,0x64,0x9b,0x4b,0xb7,0x94,0xbe,0x69,
    0xac,0xa6,0x37,0x0a,0x25,0x58,0x41,0x1d,0x7d,0x98,0x39,0xde,0x0a,0x05,0x84,0xa7,
    0x74,0x82,0x96,0xbd,0x4d,0xc0,0xa8,0xd3,0x67,0xd0,0x4b,0x43,0x26,0x3b,0x1e,0x47,
    0x97,0x53,0xb5,0x63,0x85,0x18,0x1a,0x4d,0x6b,0x81,0x82,0xda,0x52,0x1f,0x80,0x86,
    0xbd,0x5d,0x50,0x9e,0xee,0x6e,0x23,0x69,0x65,0x3e,0x7a,0x94,0x7f,0x8b,0xa9,0x8c,
    0x82,0xd6,0x32,0x5b,0x93,0xe4,0x0d,0x64,0x37,0x92,0xc6,0x28,0x28,0x3c,0xfd,0x61,
    0x68,0xd7,0xdb,0x07,0x47,0xa8,0xee,0x36,0x15,0xf7,0xf4,0xb6,0xcb,0xcc,0x2e,0x3e,
    0x0d,0xd0,0xc0,0xef,0xce,0x6b,0x8e,0x52,0xfc,0x24,0xe1,0xf4,0xfc,0x7b,0x3c,0xf9,
    0x03,0x00,0xf2,0x22,0xbe,0x10,0x32,0x23,0x8d,0x25,0x25,0x89,0xf4,0xb6,0xeb,0x05,
    0x90,0xfb,0xc0,0x3f,0x6e,0x9f,0x30,0xec,0x11,0xf6,0x1f,0xda,0x60,0xe7,0x20,0x10,
    0xe0,0x76,0xc4,0xa3,0x42,0x5c,0x7e,0x7b,0x52,0xc2,0xec,0xad,0x88,0x5c,0x08,0x6f,
    0x98,0xdb,0xf2,0xd4,0x4f,0xe1,0x94,0xc5,0x40,0x80,0xdb,0x12,0x31,0x24,0x44,0xb7,
    0xaf,0x59,0x12,0x4e,0x92,0xd2,0xd0,0x9b,0x61,0x0d,0xe4,0x7d,0xc0,0x86,0x73,0x49,
    0xbc,0x80,0x00,0xb7,0x27,0x48,0xa2,0x4c,0x64,0xbb,0xdd,0x88,0x4b,0xa8,0x40,0xda,
    0xba,0xc9,0xb4,0xf7,0x88,0xa1,0x43,0x40,0xa6,0xe1,0x1b,0x35,0x81,0x00,0xb7,0x31,
    0xde,0xd5,0xf9,0x7c,0x9a,0xe3,0x71,0x96,0x22,0x52,0x2b,0x12,0x75,0xef,0x79,0x12,
    0xf9,0x5f,0x1c,0x65,0x54,0xda,0x13,0x0e,0x04,0x00,0x00,0x00,0x00,0x00,0x00,0x00,
    0x00,0x00,0x00,0x00,0x00,0x00,0x00,0x00,0x00,0x00,0x00,0x00,0x00,0x00,0x00,0x00,
    0x00,0x00,0x00,0x00,0x00,0x00,0x00,0x00,0x00,0x00,0x00,0x00,0x00,0x00,0x00,0x00,
    0x00,0x00,0x00,0x00,0x00,0x00,0x00,0x00,0x00,0x00,0x00,0x00,0x00,0x00,0x00,0x00,
    0x00,0x00,0x00,0x00,0x00,0x00,0x00,0x00,0x00,0x00,0x00,0x00,0x00,0x00,0x00,0x00,
    0x00,0x00,0x00,0x00,0x00,0x00,0x00,0x00,0x00,0x00,0x00,0x00,0x00,0x00,0x00,0x00,
    0x00,0x00,0x00,0x00,0x00,0x00,0x00,0x00,0x00,0x00,0x00,0x00,0x00,0x00,0x00,0x00,
    0x00,0x00,0x00,0x00,0x00,0x00,0x00,0x00,0x00,0x00,0x00,0x00,0x00,0x00,0x00,0x00,
    0x00,0x00,0x00,0x00,0x00,0x00,0x00,0x00,0x00,0x00,0x00,0x00,0x00,0x00,0x00,0x00,
    0x00,0x00,0x00,0x00,0x00,0x00,0x00,0x00,0x00,0x00,0x00,0x00,0x00,0x00,0x00,0x00,
    0x00,0x00,0x00,0x00,0x00,0x00,0x00,0x00,0x00,0x00,0x00,0x00,0x00,0x00,0x00,0x00,
    0x00,0x00,0x00,0x00,0x00,0x00,0x00,0x00,0x00,0x00,0x00,0x00,0x00,0x00,0x00,0x00,
    0x00,0x00,0x00,0x00,0x00,0x00,0x00,0x00,0x00,0x00,0x00,0x00,0x00,0x00,0x00,0x00,
    0x00,0x00,0x00,0x00,0x00,0x00,0x00,0x00,0x00,0x00,0x00,0x00,0x00,0x00,0x00,0x00,
    0x00,0x00,0x00,0x00,0x00,0x00,0x00,0x00,0x00,0x00,0x00,0x00,0x00,0x00,0x00,0x00,
    0x00,0x00,0x00,0x00,0x00,0x00,0x00,0x00,0x00,0x00,0x00,0x00,0x00,0x00,0x00,0x00,
    0x00,0x00,0x00,0x00,0x00,0x00,0x00,0x00,0x00,0x00,0x00,0x00,0x00,0x00,0x00,0x00,
    0x00,0x00,0x00,0x00,0x00,0x00,0x00,0x00,0x00,0x00,0x00,0x00,0x00,0x00,0x00,0x00,
    0x00,0x00,0x00,0x00,0x00,0x00,0x00,0x00,0x00,0x00,0x00,0x00,0x00,0x00,0x00,0x00,
    0x00,0x00,0x00,0x00,0x00,0x00,0x00,0x00,0x00,0x00,0x00,0x00,0x00,0x00,0x00,0x00,
    0x00,0x00,0x00,0x00,0x00,0x00,0x00,0x00,0x00,0x00,0x00,0x00,0x00,0x00,0x00,0x00,
    0x00,0x00,0x00,0x00,0x00,0x00,0x00,0x00,0x00,0x00,0x00,0x00,0x00,0x00,0x00,0x00,
    0x00,0x00,0x00,0x00,0x00,0x00,0x00,0x00,0x00,0x00,0x00,0x00,0x00,0x00,0x00,0x00,
    0x00,0x00,0x00,0x00,0x00,0x00,0x00,0x00,0x00,0x00,0x00,0x00,0x00,0x00,0x00,0x00,
    0x00,0x00,0x00,0x00,0x00,0x00,0x00,0x00,0x00,0x00,0x00,0x00,0x00,0x00,0x00,0x00,
    0x00,0x00,0x00,0x00,0x00,0x00,0x00,0x00,0x00,0x00,0x00,0x00,0x00,0x00,0x00,0x00,
    0x00,0x00,0x00,0x00,0x00,0x00,0x00,0x00,0x00,0x00,0x00,0x00,0x00,0x00,0x00,0x00,
    0x00,0x00,0x00,0x00,0x00,0x00,0x00,0x00,0x00,0x00,0x00,0x00,0xfc,0x3f,0xc1,0xff,
    0x01,0x17,0xee,0xf7,0xa2,0x05,0xed,0x05,0x74,0x00,0x00,0x00,0x00,0x49,0x45,0x4e,
    0x44,0xae,0x42,0x60,0x82,
};
inline constexpr int kAtlasPngSize = (int)(sizeof(kAtlasPng) / sizeof(kAtlasPng[0]));

} // namespace fontatlas
